time,APCP_surface,DLWRF_surface,DSWRF_surface,PRES_surface,SPFH_2maboveground,TMP_2maboveground,UGRD_10maboveground,VGRD_10maboveground,precip_rate,TMP_ground_surface
2009/06/14 20:00:00,0.0,406.2317013918347,475.6,74366.22,0.007851874342718654,290.48999999999995,4.856112,0.0,0.0,296.17999999999995
2009/06/14 21:00:00,0.0,405.0822310656158,186.2,101972.40000000001,0.007385805115426133,289.81,6.003155,0.0,0.0,292.27
2009/06/14 22:00:00,0.0,395.9952992047176,928.0,101947.5,0.0050738001635650554,288.96999999999997,2.446685,0.0,0.0,293.59999999999997
2009/06/14 23:00:00,0.0,395.5842698070436,202.1,101963.8,0.005630341972502523,288.69,4.525628,0.0,0.0,289.71
2009/06/15 00:00:00,0.0,393.87153442533383,180.3,101968.6,0.006477620712997509,288.12,6.079917,0.0,0.0,288.46999999999997
2009/06/15 01:00:00,0.508,376.6669073264242,106.6,101961.1,0.006679054019753161,285.01,6.206495,0.0,0.0,285.10999999999996
2009/06/15 02:00:00,0.0,374.02868492621906,43.46,101968.3,0.006759931546668974,284.51,3.409666,0.0,0.0,284.02
2009/06/15 03:00:00,0.0,371.53365658399895,2.515,102036.1,0.0060693879730995,284.26,3.677827,0.0,0.0,282.79999999999995
2009/06/15 04:00:00,0.0,364.95651849144133,0.0,102008.1,0.006111561735979984,283.03999999999996,3.724234,0.0,0.0,282.64
2009/06/15 05:00:00,0.0,366.2155623197755,0.0,102040.20000000001,0.006181150389343299,283.25,4.499135,0.0,0.0,282.53
2009/06/15 06:00:00,0.254,360.98212023325107,0.0,102097.40000000001,0.006276146401522206,282.25,1.969583,0.0,0.0,281.75
2009/06/15 07:00:00,0.0,359.5632014984191,0.0,102123.6,0.005586905345989451,282.21,1.216992,0.0,0.0,281.84999999999997
2009/06/15 08:00:00,0.0,345.94408042509394,0.0,102065.4,0.005642997065060864,279.609,1.752757,0.0,0.0,279.08
2009/06/15 09:00:00,0.0,343.6800293311395,0.0,102071.0,0.005429116208456552,279.248,1.279304,0.0,0.0,277.823
2009/06/15 10:00:00,0.0,343.4859572338003,0.0,101989.8,0.005451279589477066,279.20399999999995,2.08078,0.0,0.0,278.827
2009/06/15 11:00:00,0.0,339.1729614848559,0.0,101949.2,0.005080966240187358,278.506,1.467772,0.0,0.0,277.89799999999997
2009/06/15 12:00:00,0.0,336.6062347272941,15.76,101977.9,0.004800270462796864,278.11699999999996,1.781448,0.0,0.0,277.383
2009/06/15 13:00:00,0.0,354.14988951457326,182.7,102052.3,0.005215512903053943,281.33,1.031337,0.0,0.0,280.222
2009/06/15 14:00:00,0.0,364.9023773760738,358.4,101996.40000000001,0.005324552430305861,283.29999999999995,1.212157,0.0,0.0,284.90999999999997
2009/06/15 15:00:00,0.0,383.82622994699807,560.1,101957.3,0.00490098505157071,286.9,5.297464,0.0,0.0,289.40999999999997
2009/06/15 16:00:00,0.0,383.87297329878174,579.3,101993.2,0.004730936422760607,286.97999999999996,6.902934,0.0,0.0,290.35999999999996
2009/06/15 17:00:00,0.0,389.97533090539935,737.5,102025.5,0.0044418534884938885,288.19,4.911143,0.0,0.0,294.27
2009/06/15 18:00:00,0.0,397.4668734361087,815.0,101935.90000000001,0.0037726725172290503,289.84999999999997,4.758162,0.0,0.0,297.04999999999995
2009/06/15 19:00:00,0.0,398.7685135657841,764.4,101926.9,0.003942357384792237,289.97999999999996,4.713647,0.0,0.0,296.75
2009/06/15 20:00:00,0.0,380.799057101267,168.5,101968.2,0.005303488638408963,286.2,8.069445,0.0,0.0,287.58
2009/06/15 21:00:00,0.254,383.83003343479595,287.3,102054.5,0.007651769917504241,286.03999999999996,5.967435,0.0,0.0,288.33
2009/06/15 22:00:00,0.0,368.72716879270666,432.8,102072.0,0.004279824854478416,284.45,4.527354,0.0,0.0,288.85999999999996
2009/06/15 23:00:00,0.0,383.93396995613205,547.1,101973.1,0.004970889120429912,286.89,5.828578,0.0,0.0,291.96999999999997
2009/06/16 00:00:00,0.0,380.6698349196844,370.9,102022.0,0.005111172529746557,286.25,8.635125,0.0,0.0,288.53
2009/06/16 01:00:00,0.0,366.6297190402096,93.3,101998.6,0.004702570088135144,283.87,5.357854,0.0,0.0,284.71999999999997
2009/06/16 02:00:00,0.0,365.78146937357485,68.14,101995.4,0.005096588171622153,283.54999999999995,3.32741,0.0,0.0,282.28999999999996
2009/06/16 03:00:00,0.0,358.50297212698325,1.822,102097.6,0.004652279723193507,282.38,5.41503,0.0,0.0,280.81199999999995
2009/06/16 04:00:00,0.0,359.80465377786993,0.0,102105.7,0.004845986318293054,282.53999999999996,2.82053,0.0,0.0,281.28
2009/06/16 05:00:00,0.0,352.86145190684346,0.0,102110.2,0.004643605410095466,281.32,3.060223,0.0,0.0,279.251
2009/06/16 06:00:00,0.0,353.6036741960857,0.0,102082.5,0.0046013665775636245,281.47999999999996,1.493761,0.0,0.0,278.08799999999997
2009/06/16 07:00:00,0.0,348.1924546425542,0.0,102062.90000000001,0.004954812643103728,280.299,1.553928,0.0,0.0,277.626
2009/06/16 08:00:00,0.0,347.54008303881017,0.0,102047.6,0.00436286171765723,280.435,1.551615,0.0,0.0,276.931
2009/06/16 09:00:00,0.0,347.0205805963016,0.0,102038.7,0.0044854001286915015,280.27799999999996,3.110836,0.0,0.0,277.745
2009/06/16 10:00:00,0.0,338.9727276084722,0.0,102071.1,0.004568395430927149,278.67999999999995,3.292035,0.0,0.0,276.941
2009/06/16 11:00:00,0.0,335.67238476758615,0.0,102074.40000000001,0.004382247247672184,278.118,3.334707,0.0,0.0,276.56399999999996
2009/06/16 12:00:00,0.0,337.31528313037603,20.38,102148.90000000001,0.003967273771561055,278.64799999999997,1.722785,0.0,0.0,276.726
2009/06/16 13:00:00,0.0,348.6465327039376,38.83,102087.3,0.00477593884187625,280.46,2.123984,0.0,0.0,277.78099999999995
2009/06/16 14:00:00,0.0,364.3972298749027,362.9,102091.6,0.004558396372817828,283.52,4.193593,0.0,0.0,284.34999999999997
2009/06/16 15:00:00,0.0,377.0177332931647,560.9,102152.9,0.004397582929547562,285.9,4.589359,0.0,0.0,290.51
2009/06/16 16:00:00,0.0,387.4132225933424,716.5,102163.2,0.004561370306236669,287.67999999999995,3.856575,0.0,0.0,296.16999999999996
2009/06/16 17:00:00,0.0,395.94272871667874,838.0,102137.90000000001,0.004340253797238821,289.28,4.92581,0.0,0.0,299.58
2009/06/16 18:00:00,0.0,402.6078168288181,940.0,102159.40000000001,0.003955032373927905,290.63,4.833122,0.0,0.0,302.79999999999995
2009/06/16 19:00:00,0.0,410.920127666481,828.0,102100.59999999999,0.004338302151814679,291.84999999999997,4.950251,0.0,0.0,302.58
2009/06/16 20:00:00,0.0,411.38248241769816,569.0,102092.7,0.004545871653860247,291.83,4.393788,0.0,0.0,298.46999999999997
2009/06/16 21:00:00,0.0,408.7139704328987,500.5,102103.4,0.004434199499360425,291.42999999999995,2.525823,0.0,0.0,297.60999999999996
2009/06/16 22:00:00,0.0,416.969123853169,639.8,102087.90000000001,0.004292610185156417,292.89,5.608383,0.0,0.0,299.37
2009/06/16 23:00:00,0.0,403.20599851952454,130.0,102153.0,0.0054968795316809715,290.04999999999995,5.267437,0.0,0.0,291.2
2009/06/17 00:00:00,0.0,399.368508220438,175.7,102212.0,0.004513709037111595,289.78999999999996,3.180364,0.0,0.0,291.21999999999997
2009/06/17 01:00:00,0.0,395.9751584938627,119.0,102213.8,0.005639289657714489,288.75,5.250613,0.0,0.0,288.81
2009/06/17 02:00:00,0.0,387.74012434912333,108.5,102241.09999999999,0.0054621129321903075,287.37,3.689219,0.0,0.0,287.71
2009/06/17 03:00:00,0.0,379.0001858785224,1.036,102223.8,0.00533655609981171,285.85999999999996,2.637403,0.0,0.0,284.79999999999995
2009/06/17 04:00:00,0.0,375.57557620624414,0.001,102258.7,0.005056909143042523,285.34999999999997,1.63,0.0,0.0,283.71
2009/06/17 05:00:00,0.0,372.2608909289835,0.001,102247.1,0.005392263537507982,284.62,1.557019,0.0,0.0,281.96999999999997
2009/06/17 06:00:00,0.0,372.4348006471906,0.0,102201.8,0.0060411845689230925,284.42999999999995,1.732897,0.0,0.0,282.21
2009/06/17 07:00:00,0.0,370.7284472613574,0.0,102203.09999999999,0.005132645217520835,284.44,1.587326,0.0,0.0,282.91999999999996
2009/06/17 08:00:00,0.0,362.8026283352302,0.0,102153.9,0.00484008244017115,283.09999999999997,1.433705,0.0,0.0,282.34999999999997
2009/06/17 09:00:00,0.0,366.1808661799541,0.001,102203.09999999999,0.0052766572558170044,283.54999999999995,1.503733,0.0,0.0,282.04999999999995
2009/06/17 10:00:00,0.0,366.98344834853185,0.0,102121.1,0.00442200411517726,284.06,1.790475,0.0,0.0,282.16999999999996
2009/06/17 11:00:00,0.0,362.69045989262764,0.001,102210.79999999999,0.005030025801453504,283.0,1.716156,0.0,0.0,280.061
2009/06/17 12:00:00,0.0,356.47266513224656,13.51,102178.3,0.004556284192839978,282.03999999999996,1.2283,0.0,0.0,278.792
2009/06/17 13:00:00,0.0,372.78083644924544,147.7,102203.8,0.004463767018934586,285.09999999999997,3.189275,0.0,0.0,283.59999999999997
2009/06/17 14:00:00,0.0,383.1205198881423,349.8,102153.0,0.00466884237715256,286.87,3.228023,0.0,0.0,288.59999999999997
2009/06/17 15:00:00,0.0,393.25600999105865,521.2,102179.2,0.004321192664995906,288.82,3.134736,0.0,0.0,294.09999999999997
2009/06/17 16:00:00,0.0,399.0835725353111,720.2,102151.4,0.0040156382659386385,289.98999999999995,1.715627,0.0,0.0,300.41999999999996
2009/06/17 17:00:00,0.0,403.5579664412882,421.0,102100.2,0.0038904622682601297,290.83,3.060556,0.0,0.0,296.27
2009/06/17 18:00:00,0.0,412.54945347097845,756.7,102108.5,0.004148868969989808,292.21999999999997,6.616181,0.0,0.0,300.91999999999996
2009/06/17 19:00:00,0.0,417.8015258640107,1040.0,102047.5,0.0041154622351790284,293.12,7.66142,0.0,0.0,305.33
2009/06/17 20:00:00,0.0,408.6897706856019,389.7,102003.09999999999,0.0038159831644301472,291.75,5.51103,0.0,0.0,296.16999999999996
2009/06/17 21:00:00,0.0,406.8794070203045,258.8,102016.0,0.004391859775959444,291.14,5.352175,0.0,0.0,293.26
2009/06/17 22:00:00,0.0,409.8909248462245,376.0,101967.6,0.003912696775422361,291.9,6.397521,0.0,0.0,294.46999999999997
2009/06/17 23:00:00,0.0,410.70263904997404,227.3,101974.0,0.004248969794533788,291.85999999999996,6.000584,0.0,0.0,292.71999999999997
2009/06/18 00:00:00,0.0,406.7465533770544,217.0,101910.7,0.002927650454761641,292.02,6.005377,0.0,0.0,291.90999999999997
2009/06/18 01:00:00,0.0,413.09789846797923,322.4,101858.6,0.0032180321869934047,292.88,6.140334,0.0,0.0,293.26
2009/06/18 02:00:00,0.0,412.63326056679415,116.9,101925.2,0.00755620840348077,291.04999999999995,1.72922,0.0,0.0,289.27
2009/06/18 03:00:00,0.0,393.9143368627678,1.91,101891.2,0.006112786916113433,288.23999999999995,0.7647352,0.0,0.0,282.96
2009/06/18 04:00:00,0.0,378.3054782767002,0.003,101921.3,0.004584630000883015,286.04999999999995,0.9511698,0.0,0.0,281.25
2009/06/18 05:00:00,0.0,363.61215253397614,0.0,101959.5,0.005120685207210945,283.14,1.511866,0.0,0.0,282.23999999999995
2009/06/18 06:00:00,0.0,362.296974271442,0.0,101927.09999999999,0.005347164267649781,282.81,2.137599,0.0,0.0,280.75899999999996
2009/06/18 07:00:00,0.0,355.17135534941366,0.0,101935.1,0.005335285166061986,281.47999999999996,1.198663,0.0,0.0,278.86199999999997
2009/06/18 08:00:00,0.0,351.5830960364301,0.0,101923.1,0.0049642570343696475,280.945,1.048023,0.0,0.0,278.359
2009/06/18 09:00:00,0.0,352.7675220731215,0.0,101924.8,0.005121820104845065,281.10699999999997,0.8804178,0.0,0.0,278.45799999999997
2009/06/18 10:00:00,0.0,352.01590628707874,0.0,101842.4,0.005352776015841735,280.878,1.379025,0.0,0.0,279.27
2009/06/18 11:00:00,0.0,340.9076615079186,0.0,101851.70000000001,0.004778527075609807,278.96999999999997,1.668356,0.0,0.0,277.322
2009/06/18 12:00:00,0.0,341.4678330566354,13.78,101912.7,0.004554335890948995,279.176,1.267346,0.0,0.0,277.25199999999995
2009/06/18 13:00:00,0.0,361.7863460611773,164.4,101869.2,0.005127558182614213,282.79999999999995,1.872535,0.0,0.0,282.10999999999996
2009/06/18 14:00:00,0.0,380.38973220412987,286.6,101918.8,0.004846315111674115,286.31,2.811867,0.0,0.0,287.39
2009/06/18 15:00:00,0.0,379.9398704476519,213.2,101957.1,0.004703492982736338,286.28999999999996,4.946016,0.0,0.0,287.45
2009/06/18 16:00:00,0.0,386.8384681091545,377.3,101895.7,0.004636246622042374,287.54999999999995,6.855655,0.0,0.0,291.37
2009/06/18 17:00:00,0.0,397.36722917045665,833.0,101946.6,0.004757099246445322,289.34,6.428078,0.0,0.0,300.27
2009/06/18 18:00:00,0.0,402.11030762570925,931.0,101910.7,0.004993507744549366,290.06,7.237298,0.0,0.0,302.53
2009/06/18 19:00:00,0.0,405.15010207976854,929.0,101875.59999999999,0.004623869576797417,290.73999999999995,6.218856,0.0,0.0,303.91999999999996
2009/06/18 20:00:00,0.0,411.60510553617075,405.9,101859.5,0.007186526729090428,290.96999999999997,4.967744,0.0,0.0,298.23999999999995
2009/06/18 21:00:00,0.0,393.4710017935498,330.2,101838.9,0.005155488249619207,288.5,3.058467,0.0,0.0,290.87
2009/06/18 22:00:00,0.0,392.4509455889219,259.2,101830.7,0.004679140831033049,288.52,8.207239,0.0,0.0,289.95
2009/06/18 23:00:00,0.0,393.8357484147021,133.0,101855.6,0.005482943420789311,288.44,5.955069,0.0,0.0,289.0
2009/06/19 00:00:00,0.0,371.5831962964453,162.7,101960.5,0.005620850206846576,284.41999999999996,8.573651,0.0,0.0,286.19
2009/06/19 01:00:00,0.0,370.3720229949344,119.2,102039.5,0.00547290300123621,284.25,3.360168,0.0,0.0,285.59999999999997
2009/06/19 02:00:00,0.0,366.9351113176343,26.44,102060.29999999999,0.005254889270247506,283.7,3.038603,0.0,0.0,283.63
2009/06/19 03:00:00,0.0,363.18787704094603,0.575,102111.7,0.005193499789471,283.03,3.670532,0.0,0.0,282.96999999999997
2009/06/19 04:00:00,0.0,361.06558569647063,0.0,102105.5,0.005207845066886362,282.63,6.049776,0.0,0.0,282.37
2009/06/19 05:00:00,0.0,356.34246113238765,0.0,102105.7,0.005144468783462307,281.77,3.741448,0.0,0.0,281.45
2009/06/19 06:00:00,0.0,351.6911762266521,0.0,102085.2,0.004651006483177587,281.09499999999997,5.192089,0.0,0.0,280.572
2009/06/19 07:00:00,0.0,351.98408919409417,0.0,102077.70000000001,0.005034069214296674,280.98999999999995,3.996043,0.0,0.0,280.47999999999996
2009/06/19 08:00:00,0.0,347.64768180711377,0.0,102025.09999999999,0.004532687953138457,280.37699999999995,3.740139,0.0,0.0,280.02599999999995
2009/06/19 09:00:00,0.0,348.2636146275183,0.0,101933.90000000001,0.004605731107843781,280.464,5.679721,0.0,0.0,280.236
2009/06/19 10:00:00,0.0,342.8039405678001,0.0,102000.59999999999,0.004732647028210851,279.35499999999996,3.796073,0.0,0.0,278.323
2009/06/19 11:00:00,0.0,334.64379218024857,0.0,101959.7,0.004328611216288157,277.943,3.795571,0.0,0.0,276.905
2009/06/19 12:00:00,0.0,337.71276932474194,10.78,102041.4,0.004345822018025698,278.537,5.316759,0.0,0.0,277.411
2009/06/19 13:00:00,0.0,350.8610533512126,163.0,102145.5,0.004589843673153921,280.96299999999997,4.970949,0.0,0.0,280.529
2009/06/19 14:00:00,0.0,363.0948772157911,351.3,102158.2,0.004508540575648792,283.29999999999995,6.154873,0.0,0.0,285.57
2009/06/19 15:00:00,0.0,373.29669007510165,550.6,102137.09999999999,0.004673622710025026,285.09999999999997,5.028303,0.0,0.0,292.07
2009/06/19 16:00:00,0.0,380.5416409345166,586.5,102133.4,0.0049251180151608735,286.29999999999995,2.89649,0.0,0.0,295.85999999999996
2009/06/19 17:00:00,0.0,386.597344465816,688.4,102160.5,0.004618257374223153,287.51,3.216128,0.0,0.0,299.32
2009/06/19 18:00:00,0.0,392.34292888070456,819.0,102129.2,0.004203017368788015,288.71999999999997,3.025238,0.0,0.0,303.73999999999995
2009/06/19 19:00:00,0.0,400.27026210388453,907.0,102085.40000000001,0.004362063847766788,290.02,4.316741,0.0,0.0,305.77
2009/06/19 20:00:00,0.0,402.9981560925879,776.3,102085.5,0.004026385275290889,290.65999999999997,4.38061,0.0,0.0,304.25
2009/06/19 21:00:00,0.0,409.34689679973445,917.0,102035.90000000001,0.0038000473387768434,291.87,4.661588,0.0,0.0,305.96999999999997
2009/06/19 22:00:00,0.0,412.8353986577592,775.1,102055.4,0.0036635629287120695,292.53999999999996,5.149277,0.0,0.0,302.84
2009/06/19 23:00:00,0.0,415.97661418979305,683.6,102031.1,0.003628308632357719,293.09,5.291588,0.0,0.0,300.85999999999996
2009/06/20 00:00:00,0.0,416.854354496841,505.9,101990.5,0.003624879363795921,293.23999999999995,4.478775,0.0,0.0,297.64
2009/06/20 01:00:00,0.0,413.061813975601,304.3,102003.09999999999,0.005327456298836949,291.78999999999996,3.597688,0.0,0.0,293.52
2009/06/20 02:00:00,0.0,402.5107320666819,122.4,101995.6,0.006162534146565571,289.71,4.805848,0.0,0.0,288.9
2009/06/20 03:00:00,0.0,387.16726667800884,3.486,102078.5,0.0059313736090222,287.10999999999996,4.768719,0.0,0.0,285.53999999999996
2009/06/20 04:00:00,0.0,378.9844626098863,0.001,102047.2,0.005586012594184696,285.77,4.991727,0.0,0.0,284.26
2009/06/20 05:00:00,0.0,376.1289977104737,0.0,102041.3,0.005630737694819126,285.23999999999995,5.435294,0.0,0.0,283.71
2009/06/20 06:00:00,0.0,375.7897767086046,0.001,101995.0,0.005601035218114837,285.19,6.313119,0.0,0.0,283.59
2009/06/20 07:00:00,0.0,371.8430018616559,0.0,101906.1,0.0053666108964304645,284.56,5.428076,0.0,0.0,282.96999999999997
2009/06/20 08:00:00,0.0,371.4992546443464,0.0,101930.5,0.0056073627045372665,284.40999999999997,7.109638,0.0,0.0,282.90999999999997
2009/06/20 09:00:00,0.0,370.8830479867821,0.0,101906.2,0.0054893672804954795,284.34,7.14036,0.0,0.0,282.98999999999995
2009/06/20 10:00:00,0.0,370.5625633100255,0.0,101873.7,0.005358463058398416,284.33,7.213159,0.0,0.0,283.22999999999996
2009/06/20 11:00:00,0.0,371.31780373732596,0.0,101873.7,0.005895478922108075,284.28,6.835319,0.0,0.0,283.25
2009/06/20 12:00:00,0.0,369.57074815948306,9.25,101857.4,0.00618013824110025,283.87,6.697103,0.0,0.0,283.01
2009/06/20 13:00:00,0.0,370.6778609742215,70.82,101808.7,0.006032221779495044,284.12,6.122477,0.0,0.0,283.71999999999997
2009/06/20 14:00:00,0.0,377.3240379700969,172.5,101812.40000000001,0.00614473708577103,285.28999999999996,5.680276,0.0,0.0,286.34
2009/06/20 15:00:00,0.0,384.0875834448871,260.1,101755.0,0.006214672301747592,286.47999999999996,6.559666,0.0,0.0,288.71
2009/06/20 16:00:00,0.0,395.80364015734045,525.3,101791.3,0.00644294674204528,288.46999999999997,5.976325,0.0,0.0,294.33
2009/06/20 17:00:00,0.0,404.9224756855827,530.4,101720.4,0.00655536090451914,290.01,5.348747,0.0,0.0,296.06
2009/06/20 18:00:00,0.0,415.15282074080454,814.0,101712.3,0.006596700864645481,291.72999999999996,7.135488,0.0,0.0,301.90999999999997
2009/06/20 19:00:00,0.0,412.81683284241984,767.9,101670.8,0.006987246124214276,291.22999999999996,8.3556,0.0,0.0,300.89
2009/06/20 20:00:00,0.0,416.23026144162856,817.0,101614.09999999999,0.007513228662662633,291.66999999999996,9.232284,0.0,0.0,302.03
2009/06/20 21:00:00,0.0,413.5694432920412,644.7,101535.5,0.006946775467604871,291.37,9.13833,0.0,0.0,298.67999999999995
2009/06/20 22:00:00,0.0,411.4533122644291,420.5,101551.3,0.007304085709745949,290.91999999999996,10.08295,0.0,0.0,295.47999999999996
2009/06/20 23:00:00,0.0,405.40040202552393,241.8,101524.2,0.00751756797703756,289.84,11.30048,0.0,0.0,292.26
2009/06/21 00:00:00,0.0,399.22849998128584,175.2,101505.5,0.007438504423361751,288.79999999999995,10.58821,0.0,0.0,290.63
2009/06/21 01:00:00,0.0,389.3937943996251,86.3,101583.4,0.00706266354626829,287.17999999999995,8.639805,0.0,0.0,288.40999999999997
2009/06/21 02:00:00,0.0,387.0653175582425,37.79,101632.5,0.006447095325253846,286.94,4.959052,0.0,0.0,287.0
2009/06/21 03:00:00,0.0,382.5273831983827,0.932,101653.3,0.006260420778205002,286.19,2.165181,0.0,0.0,285.71999999999997
2009/06/21 04:00:00,0.0,381.5273934305452,0.006,101674.2,0.006263945376601961,286.01,0.9591085,0.0,0.0,284.7
2009/06/21 05:00:00,0.0,387.4699690437834,0.0,101689.3,0.005667500939650211,287.26,4.470169,0.0,0.0,286.15999999999997
2009/06/21 06:00:00,0.0,385.3697746169875,0.003,101709.79999999999,0.005897238954375636,286.81,4.405878,0.0,0.0,285.79999999999995
2009/06/21 07:00:00,0.0,373.86696801705324,0.004,101722.7,0.0067426373511130355,284.48999999999995,3.20187,0.0,0.0,284.12
2009/06/21 08:00:00,0.0,370.1268427562116,0.0,101680.3,0.006069024238435261,284.01,0.6201116,0.0,0.0,280.55699999999996
2009/06/21 09:00:00,0.0,369.11977414947916,0.0,101780.9,0.005775493778720887,283.91999999999996,6.43646,0.0,0.0,282.84999999999997
2009/06/21 10:00:00,0.0,359.46665082886386,0.001,101764.70000000001,0.0052819919655171434,282.31,2.155738,0.0,0.0,280.495
2009/06/21 11:00:00,0.0,354.7226076495853,0.0,101738.7,0.00530619750310607,281.40999999999997,1.913482,0.0,0.0,278.602
2009/06/21 12:00:00,0.0,362.70942419722735,17.38,101743.0,0.003887458815027004,283.54999999999995,0.8440949,0.0,0.0,278.16499999999996
2009/06/21 13:00:00,0.0,364.50803205739015,21.46,101796.7,0.004116930572115115,283.76,1.330223,0.0,0.0,278.409
2009/06/21 14:00:00,0.0,382.1369657895253,314.6,101807.6,0.004286445696490675,286.88,1.925655,0.0,0.0,287.45
2009/06/21 15:00:00,0.0,391.33997829680067,546.8,101855.6,0.004512930839931312,288.4,7.268441,0.0,0.0,293.25
2009/06/21 16:00:00,0.0,398.67480806635575,708.5,101846.90000000001,0.004102023313655266,289.88,5.122955,0.0,0.0,300.03
2009/06/21 17:00:00,0.0,403.36369945942823,500.3,101841.7,0.003720211818913277,290.9,5.077939,0.0,0.0,299.60999999999996
2009/06/21 18:00:00,0.0,415.36095853177784,1065.0,101839.4,0.0038330139166614548,292.87,7.086767,0.0,0.0,307.95
2009/06/21 19:00:00,0.0,406.19434316235805,142.2,101889.4,0.0051931208992956664,290.67999999999995,7.185127,0.0,0.0,293.90999999999997
2009/06/21 20:00:00,0.0,398.45078829089897,380.8,101875.5,0.005405047394263349,289.27,2.049415,0.0,0.0,295.90999999999997
2009/06/21 21:00:00,0.0,393.62287635515605,252.8,101916.8,0.006302086931242129,288.13,6.546604,0.0,0.0,291.42999999999995
2009/06/21 22:00:00,0.0,394.3227931565168,848.0,101872.5,0.005607844851308535,288.47999999999996,2.865989,0.0,0.0,298.73999999999995
2009/06/21 23:00:00,0.0,404.01361801425116,144.2,101799.7,0.006296343482785291,289.92999999999995,3.900444,0.0,0.0,290.79999999999995
2009/06/22 00:00:00,0.0,409.4067143885705,361.9,101753.3,0.005510304304215041,291.10999999999996,2.611282,0.0,0.0,292.95
2009/06/22 01:00:00,0.0,401.31372141364426,45.13,101852.5,0.006315082594924186,289.46,3.88081,0.0,0.0,288.23999999999995
2009/06/22 02:00:00,0.0,378.7282206477556,86.8,101892.2,0.005662998602150546,285.7,3.414375,0.0,0.0,284.85999999999996
2009/06/22 03:00:00,0.0,356.4747985882233,0.892,101987.7,0.005771298815845138,281.57,3.921448,0.0,0.0,281.034
2009/06/22 04:00:00,0.0,349.961906268374,0.0,102041.4,0.005355876944224609,280.48199999999997,1.008635,0.0,0.0,278.301
2009/06/22 05:00:00,0.0,348.5942906206966,0.0,102054.8,0.005271410252752492,280.25199999999995,0.7222562,0.0,0.0,276.933
2009/06/22 06:00:00,0.0,335.23697672037423,0.0,102009.79999999999,0.004930000141109433,277.79299999999995,1.68796,0.0,0.0,277.17699999999996
2009/06/22 07:00:00,0.0,337.39882683564736,0.0,101994.5,0.0049579564435920384,278.207,1.990473,0.0,0.0,277.327
2009/06/22 08:00:00,0.0,339.4984381629007,0.0,101994.0,0.0050022388302110475,278.59999999999997,1.638357,0.0,0.0,277.632
2009/06/22 09:00:00,0.0,348.429066075855,0.0,101974.0,0.005292547927758311,280.214,2.07844,0.0,0.0,278.185
2009/06/22 10:00:00,0.0,341.2146705512586,0.0,101997.90000000001,0.00518375029432454,278.863,1.882257,0.0,0.0,277.19399999999996
2009/06/22 11:00:00,0.0,335.8003268835353,0.0,102043.0,0.005012401482427423,277.87,1.052228,0.0,0.0,275.601
2009/06/22 12:00:00,0.0,332.2610442690745,21.49,102059.90000000001,0.004506629162339225,277.38599999999997,1.92819,0.0,0.0,276.59799999999996
2009/06/22 13:00:00,0.0,360.7075197211156,170.0,102114.3,0.005626299554210424,282.40999999999997,2.089415,0.0,0.0,281.48999999999995
2009/06/22 14:00:00,0.0,383.60007323878835,351.1,102158.8,0.005538714516155366,286.60999999999996,1.940391,0.0,0.0,288.34999999999997
2009/06/22 15:00:00,0.0,399.50525295716983,541.4,102177.59999999999,0.005184188411580772,289.53,2.55919,0.0,0.0,295.32
2009/06/22 16:00:00,0.0,406.18680910436564,694.0,102167.3,0.003941442029119659,291.25,3.756269,0.0,0.0,301.04999999999995
2009/06/22 17:00:00,0.0,415.71619904088055,860.0,102185.2,0.003999008559052845,292.83,3.402033,0.0,0.0,306.78999999999996
2009/06/22 18:00:00,0.0,422.59205522737733,904.0,102164.20000000001,0.003531044469472631,294.25,5.720783,0.0,0.0,308.92999999999995
2009/06/22 19:00:00,0.0,426.75838447133043,997.0,102156.1,0.003286339682460519,295.09999999999997,6.011585,0.0,0.0,310.35999999999996
2009/06/22 20:00:00,0.0,434.480663323734,992.0,102164.20000000001,0.0032172328214649976,296.40999999999997,6.239414,0.0,0.0,310.74
2009/06/22 21:00:00,0.0,442.9672071429335,930.0,102100.3,0.004192400111101214,297.19,4.35824,0.0,0.0,311.47999999999996
2009/06/22 22:00:00,0.0,440.31183996696126,861.0,102114.59999999999,0.0045731439816457005,296.58,4.328968,0.0,0.0,308.02
2009/06/22 23:00:00,0.0,440.7271182062731,677.2,102171.0,0.0051764312976392505,296.39,4.508525,0.0,0.0,304.0
2009/06/23 00:00:00,0.0,438.11376773446244,481.3,102147.1,0.005254913679575726,295.94,5.017353,0.0,0.0,300.21
2009/06/23 01:00:00,0.0,431.38299193696787,293.1,102189.4,0.006018362750932295,294.58,5.389471,0.0,0.0,295.91999999999996
2009/06/23 02:00:00,0.0,423.39719944375,85.8,102198.1,0.006643532337097614,293.08,4.528885,0.0,0.0,293.41999999999996
2009/06/23 03:00:00,0.0,410.16431696922064,3.639,102193.4,0.006922559317592063,290.78999999999996,3.871367,0.0,0.0,290.56
2009/06/23 04:00:00,0.0,394.049946802141,0.124,102232.9,0.0060410680149096205,288.28,0.9782175,0.0,0.0,287.54999999999995
2009/06/23 05:00:00,0.0,400.1432883327646,0.014,102287.3,0.0067283251025131285,289.13,1.656824,0.0,0.0,288.45
2009/06/23 06:00:00,0.0,385.10643068292217,0.034,102266.5,0.0067662290041402865,286.48999999999995,1.254763,0.0,0.0,285.33
2009/06/23 07:00:00,0.0,374.32024413056615,0.001,102263.9,0.007161752149322951,284.45,1.255766,0.0,0.0,283.31
2009/06/23 08:00:00,0.0,365.9151274044924,0.004,102284.40000000001,0.0063119713670734615,283.15,1.514736,0.0,0.0,282.35999999999996
2009/06/23 09:00:00,0.0,367.7596911296703,0.001,102280.3,0.005867878894531881,283.63,0.8460171,0.0,0.0,281.67999999999995
2009/06/23 10:00:00,0.0,359.7703096968935,0.0,102325.59999999999,0.005956605940315723,282.12,1.09,0.0,0.0,280.506
2009/06/23 11:00:00,0.0,357.2373904407917,0.0,102298.40000000001,0.005367272410046553,281.84999999999997,0.9948186,0.0,0.0,280.226
2009/06/23 12:00:00,0.0,354.8287607095453,17.12,102396.0,0.005461877855029717,281.35999999999996,1.149387,0.0,0.0,279.91299999999995
2009/06/23 13:00:00,0.0,366.2981513097008,164.3,102464.3,0.005111987816806138,283.63,0.6884314,0.0,0.0,283.53
2009/06/23 14:00:00,0.0,381.1230694777767,342.8,102416.7,0.005837288150680409,286.06,2.179832,0.0,0.0,289.57
2009/06/23 15:00:00,0.0,401.8138210720747,484.2,102425.6,0.005919775917337369,289.65999999999997,1.525097,0.0,0.0,297.66999999999996
2009/06/23 16:00:00,0.0,417.532832000475,706.0,102404.40000000001,0.006376459921175553,292.17999999999995,1.136824,0.0,0.0,304.65999999999997
2009/06/23 17:00:00,0.0,432.77760990285725,853.0,102398.1,0.006586336687775265,294.63,3.460308,0.0,0.0,308.33
2009/06/23 18:00:00,0.0,438.8404626708974,938.0,102390.0,0.004839979890956661,296.21999999999997,4.353928,0.0,0.0,311.04999999999995
2009/06/23 19:00:00,0.0,444.6711914711861,945.0,102389.9,0.006328237716842468,296.62,5.211894,0.0,0.0,311.14
2009/06/23 20:00:00,0.0,445.7871974174304,893.0,102373.6,0.006191138568530704,296.84,6.406493,0.0,0.0,310.01
2009/06/23 21:00:00,0.0,436.8101260516032,720.5,102347.2,0.008587424452143754,294.79999999999995,9.136732,0.0,0.0,304.27
2009/06/23 22:00:00,0.0,435.7814475754567,883.0,102302.0,0.0063779062167011345,295.17999999999995,10.53922,0.0,0.0,304.39
2009/06/23 23:00:00,0.0,439.41863743566665,678.6,102293.9,0.0074328520352027125,295.47999999999996,9.292289,0.0,0.0,302.07
2009/06/24 00:00:00,0.0,435.8789356330425,480.9,102326.3,0.007509894325769056,294.89,8.443954,0.0,0.0,298.76
2009/06/24 01:00:00,0.0,431.1193713230297,213.8,102347.29999999999,0.007706154523846205,294.07,7.67716,0.0,0.0,295.16999999999996
2009/06/24 02:00:00,0.0,417.91740871328994,37.42,102380.8,0.008779825175836843,291.65999999999997,8.499386,0.0,0.0,291.13
2009/06/24 03:00:00,0.0,399.7446446712932,2.792,102406.7,0.00774250648358531,288.79999999999995,7.405128,0.0,0.0,287.97999999999996
2009/06/24 04:00:00,0.0,393.07152355427087,0.08,102444.0,0.00702165425071383,287.82,6.93446,0.0,0.0,286.56
2009/06/24 05:00:00,0.0,384.55194065571055,0.061,102481.8,0.007015876973142524,286.32,6.957295,0.0,0.0,285.21
2009/06/24 06:00:00,0.0,377.6967334150452,0.025,102469.69999999998,0.007032271634819782,285.09,6.118745,0.0,0.0,284.15
2009/06/24 07:00:00,0.0,378.76092893436976,0.004,102457.9,0.006815280031860511,285.34,4.491836,0.0,0.0,284.0
2009/06/24 08:00:00,0.0,374.4985386920383,0.013,102458.20000000001,0.006710351819992405,284.59999999999997,2.376992,0.0,0.0,282.59
2009/06/24 09:00:00,0.0,369.86632451917006,0.001,102446.70000000001,0.006523813534690888,283.81,1.720279,0.0,0.0,281.29999999999995
2009/06/24 10:00:00,0.0,365.37699944375544,0.0,102471.49999999999,0.006237085308027262,283.07,2.659246,0.0,0.0,281.17999999999995
2009/06/24 11:00:00,0.0,371.8627459018892,0.001,102495.5,0.006570732908630357,284.15999999999997,3.720224,0.0,0.0,282.4
2009/06/24 12:00:00,0.0,372.8786660000511,13.38,102519.8,0.006414475395978304,284.39,3.109526,0.0,0.0,282.42999999999995
2009/06/24 13:00:00,0.0,384.73267541601194,168.5,102518.80000000002,0.006620426504658674,286.46,2.425737,0.0,0.0,286.13
2009/06/24 14:00:00,0.0,402.61948720443894,336.4,102569.5,0.005337296165647971,290.0,2.61042,0.0,0.0,291.84
2009/06/24 15:00:00,0.0,421.0445604021838,534.1,102667.4,0.005466333464346066,293.06,1.245432,0.0,0.0,299.45
2009/06/24 16:00:00,0.0,430.56597797656826,705.6,102650.70000000001,0.005117163994259595,294.76,2.058328,0.0,0.0,305.47999999999996
2009/06/24 17:00:00,0.0,435.11550598575406,842.0,102649.6,0.004778265487585357,295.64,2.244623,0.0,0.0,310.17999999999995
2009/06/24 18:00:00,0.0,442.90505683719607,942.0,102608.0,0.004562713847663742,296.98999999999995,2.306444,0.0,0.0,313.69
2009/06/24 19:00:00,0.0,449.33873024177313,930.0,102600.50000000001,0.004612420095606967,297.98999999999995,2.394986,0.0,0.0,314.39
2009/06/24 20:00:00,0.0,450.76566325798103,761.8,102575.8,0.00399924613818073,298.52,3.138079,0.0,0.0,311.79999999999995
2009/06/24 21:00:00,0.0,456.1646561534726,875.0,102611.99999999999,0.005013842330507188,298.89,3.323771,0.0,0.0,312.47999999999996
2009/06/24 22:00:00,0.0,451.23307411193497,570.5,102611.99999999999,0.004253618567298481,298.46,2.671309,0.0,0.0,307.24
2009/06/24 23:00:00,0.0,446.22124258847396,286.3,102608.6,0.005096288578192826,297.28999999999996,2.70454,0.0,0.0,301.01
2009/06/25 00:00:00,0.0,436.12281192880624,162.9,102609.9,0.0069028060311731865,295.08,4.923368,0.0,0.0,297.07
2009/06/25 01:00:00,0.0,437.0113939701618,235.8,102614.9,0.006952555174941575,295.21,4.505597,0.0,0.0,295.97999999999996
2009/06/25 02:00:00,0.0,428.5967996709217,120.0,102683.9,0.007423279760182184,293.71999999999997,4.306379,0.0,0.0,292.65999999999997
2009/06/25 03:00:00,0.0,410.633701464768,3.791,102695.2,0.006669815508378536,290.92999999999995,3.209806,0.0,0.0,288.58
2009/06/25 04:00:00,0.0,402.44798874037497,0.062,102695.4,0.006869782240232794,289.47999999999996,3.365433,0.0,0.0,287.21999999999997
2009/06/25 05:00:00,0.0,399.26894894591646,0.045,102703.7,0.006454533839521358,289.04999999999995,3.764987,0.0,0.0,286.91999999999996
2009/06/25 06:00:00,0.0,396.9037417547873,0.086,102703.7,0.006594478422656936,288.59999999999997,2.207626,0.0,0.0,285.41999999999996
2009/06/25 07:00:00,0.0,386.3398140335469,0.017,102696.90000000001,0.005816339624306699,286.98999999999995,1.546964,0.0,0.0,284.39
2009/06/25 08:00:00,0.0,382.338240299159,0.008,102666.2,0.0063839329513916765,286.09999999999997,1.556045,0.0,0.0,283.41999999999996
2009/06/25 09:00:00,0.0,370.02641004796806,0.0,102688.5,0.006540492234778035,283.83,1.984525,0.0,0.0,282.21999999999997
2009/06/25 10:00:00,0.0,371.69610913891563,0.0,102633.20000000001,0.006095843722849453,284.27,2.036045,0.0,0.0,284.34999999999997
2009/06/25 11:00:00,0.0,381.8224842016947,0.003,102634.79999999999,0.006378963169774108,286.01,1.787075,0.0,0.0,285.17999999999995
2009/06/25 12:00:00,0.0,378.93872460284575,7.167,102668.59999999999,0.006559427644331845,285.44,1.308106,0.0,0.0,282.53
2009/06/25 13:00:00,0.0,393.1631008561603,179.4,102702.2,0.00572772883491719,288.21999999999997,1.372653,0.0,0.0,288.65999999999997
2009/06/25 14:00:00,0.0,401.84785354814653,162.9,102715.20000000001,0.006367219960948821,289.52,1.884179,0.0,0.0,290.65
2009/06/25 15:00:00,0.0,412.21569986587315,276.0,102727.09999999999,0.005904785008724168,291.42999999999995,0.7486628,0.0,0.0,294.26
2009/06/25 16:00:00,0.0,422.91185437315835,456.3,102654.29999999999,0.006145722844424962,293.14,1.408775,0.0,0.0,299.48999999999995
2009/06/25 17:00:00,0.0,444.7137646401251,729.4,102682.3,0.004897698950989159,297.13,1.788496,0.0,0.0,310.01
2009/06/25 18:00:00,0.0,449.97123562236106,711.3,102595.8,0.004336749429242469,298.21999999999997,1.377074,0.0,0.0,310.89
2009/06/25 19:00:00,0.0,464.3118141390926,1013.0,102594.90000000001,0.006210512176239821,299.72999999999996,4.350417,0.0,0.0,315.96
2009/06/25 20:00:00,0.0,456.4339345265687,1049.0,102498.8,0.007047797027645217,298.27,7.437795,0.0,0.0,313.4
2009/06/25 21:00:00,0.0,456.5852036016906,947.0,102462.79999999999,0.006189812203595958,298.53999999999996,7.012032,0.0,0.0,311.67999999999995
2009/06/25 22:00:00,0.0,451.37523687482377,758.0,102470.3,0.005484863986291527,297.96,5.700224,0.0,0.0,308.45
2009/06/25 23:00:00,0.0,454.02466587739724,661.8,102393.2,0.006289158517680262,298.10999999999996,3.574373,0.0,0.0,306.96999999999997
2009/06/26 00:00:00,0.0,450.5980012943027,492.8,102373.5,0.007071968200281689,297.34999999999997,4.993706,0.0,0.0,302.57
2009/06/26 01:00:00,0.0,439.2322206762138,145.4,102407.09999999999,0.008681902523105548,295.16999999999996,5.364735,0.0,0.0,297.10999999999996
2009/06/26 02:00:00,0.0,431.5346419656883,59.61,102456.6,0.009829763698095196,293.71,6.417911,0.0,0.0,294.63
2009/06/26 03:00:00,13.207999999999998,405.337482354603,0.147,102535.5,0.009656704363521677,289.37,2.562208,0.0,0.0,288.52
2009/06/26 04:00:00,0.0,402.3903846931702,0.024,102460.20000000001,0.008683915002189234,289.04999999999995,5.351505,0.0,0.0,288.15
2009/06/26 05:00:00,0.0,399.76920341321596,0.031,102379.1,0.008442151937426859,288.65,2.161537,0.0,0.0,287.71
2009/06/26 06:00:00,0.0,398.4649869246123,0.062,102362.8,0.008184596519577333,288.47999999999996,1.304596,0.0,0.0,287.42999999999995
2009/06/26 07:00:00,0.0,393.8219536743887,0.046,102342.2,0.0075472862684924525,287.82,0.8800836,0.0,0.0,287.21999999999997
2009/06/26 08:00:00,0.0,391.61641145400455,0.079,102355.0,0.007360468429213195,287.47999999999996,0.9182677,0.0,0.0,285.65999999999997
2009/06/26 09:00:00,0.0,378.4765826471619,0.02,102325.7,0.007275834006671292,285.16999999999996,1.657884,0.0,0.0,284.56
2009/06/26 10:00:00,0.0,379.0569388841595,0.006,102279.2,0.008102351935573503,285.08,3.519917,0.0,0.0,285.28999999999996
2009/06/26 11:00:00,0.0,379.7544819089749,0.026,102218.6,0.007691005651583038,285.29999999999995,2.372709,0.0,0.0,285.19
2009/06/26 12:00:00,0.0,379.6861876811529,25.98,102222.29999999999,0.007638995921474063,285.29999999999995,1.583119,0.0,0.0,284.98999999999995
2009/06/26 13:00:00,0.0,379.7815748293347,53.69,102185.79999999999,0.007587699967226092,285.33,1.395488,0.0,0.0,285.75
2009/06/26 14:00:00,0.0,393.78314683784305,174.0,102222.5,0.0075695268737034724,287.81,1.047737,0.0,0.0,288.03
2009/06/26 15:00:00,0.0,412.183820213629,520.5,102195.0,0.007231562470662994,291.04999999999995,2.083008,0.0,0.0,293.89
2009/06/26 16:00:00,0.0,425.94077983388667,642.9,102146.6,0.007008315971774747,293.4,4.886127,0.0,0.0,296.64
2009/06/26 17:00:00,0.0,432.62237629378,770.1,102124.1,0.0073701986177953345,294.4,4.119945,0.0,0.0,299.78999999999996
2009/06/26 18:00:00,0.0,426.76710338771943,459.0,102095.9,0.006958725412711006,293.54999999999995,5.202847,0.0,0.0,295.81
2009/06/26 19:00:00,0.0,425.6276876897761,241.3,102084.0,0.008169925955093199,293.07,2.374096,0.0,0.0,293.96999999999997
2009/06/26 20:00:00,11.176,386.0159873008663,43.72,102266.9,0.008979159374834202,286.14,6.47646,0.0,0.0,286.13
2009/06/26 21:00:00,0.0,389.5707425261409,287.3,102249.2,0.008051910642193792,286.96,3.480391,0.0,0.0,289.59
2009/06/26 22:00:00,0.0,391.6855215595562,240.1,102179.8,0.008338884059915267,287.27,3.704235,0.0,0.0,290.25
2009/06/26 23:00:00,0.0,405.42900586757037,228.1,102171.5,0.007368263006991169,289.87,4.576685,0.0,0.0,290.91999999999996
2009/06/27 00:00:00,0.0,401.0845221306654,69.68,102130.8,0.006782257630983707,289.28,4.83922,0.0,0.0,289.06
2009/06/27 01:00:00,0.0,412.3103227247478,364.6,102191.4,0.0071979363816254815,291.08,6.174626,0.0,0.0,290.77
2009/06/27 02:00:00,0.0,400.64685643541446,91.4,102162.59999999999,0.007368994051230838,289.04999999999995,4.987551,0.0,0.0,287.28999999999996
2009/06/27 03:00:00,0.0,387.13407854157265,1.828,102192.4,0.0066961495961936155,286.87,4.784514,0.0,0.0,285.29999999999995
2009/06/27 04:00:00,0.0,381.9071477573636,0.041,102306.8,0.006058700200307171,286.13,6.084569,0.0,0.0,284.62
2009/06/27 05:00:00,0.0,385.332618305518,0.033,102297.7,0.0064497516217719595,286.62,8.231951,0.0,0.0,284.94
2009/06/27 06:00:00,0.0,378.52576702316094,0.011,102372.29999999999,0.0064266917490038945,285.40999999999997,7.021171,0.0,0.0,283.83
2009/06/27 07:00:00,0.0,375.21272047952436,0.011,102425.6,0.0065343514815498415,284.78,5.899888,0.0,0.0,283.4
2009/06/27 08:00:00,0.0,374.5586099051734,0.015,102490.7,0.006168824050773109,284.77,5.727771,0.0,0.0,283.73999999999995
2009/06/27 09:00:00,0.0,365.74833181238915,0.025,102466.79999999999,0.0055641727429758085,283.35999999999996,6.286658,0.0,0.0,282.14
2009/06/27 10:00:00,0.0,365.70863553604494,0.0,102438.3,0.005688109385860868,283.31,6.743232,0.0,0.0,281.94
2009/06/27 11:00:00,0.0,360.1507636333646,0.005,102536.1,0.005262839612956821,282.42999999999995,3.544234,0.0,0.0,280.765
2009/06/27 12:00:00,0.0,358.01341801393926,16.23,102581.40000000001,0.005208211282839092,282.04999999999995,3.495207,0.0,0.0,280.597
2009/06/27 13:00:00,0.0,370.3006872994801,167.0,102623.0,0.005658623211361962,284.15999999999997,4.520194,0.0,0.0,282.9
2009/06/27 14:00:00,0.0,381.1865659651701,348.8,102586.79999999999,0.0054309068926484995,286.21,7.228908,0.0,0.0,286.25
2009/06/27 15:00:00,0.0,390.7502242897126,539.1,102694.69999999998,0.005465394325129936,287.89,6.746128,0.0,0.0,290.09999999999997
2009/06/27 16:00:00,0.0,400.02496763466587,720.8,102662.59999999999,0.005477770520688017,289.5,4.931225,0.0,0.0,294.78
2009/06/27 17:00:00,0.0,405.815779347665,777.8,102671.3,0.004895118535605291,290.71999999999997,5.749304,0.0,0.0,296.51
2009/06/27 18:00:00,0.0,409.45452574815005,950.0,102734.6,0.004234609692573871,291.64,5.960922,0.0,0.0,299.16999999999996
2009/06/27 19:00:00,0.0,415.48861830146996,997.0,102734.9,0.004498300483604911,292.53,5.984431,0.0,0.0,300.52
2009/06/27 20:00:00,0.0,422.46410857330955,987.0,102717.0,0.004547358845382588,293.66999999999996,5.729221,0.0,0.0,301.28
2009/06/27 21:00:00,0.0,424.10479902704986,916.0,102809.99999999999,0.0036213154358921778,294.42999999999995,4.080029,0.0,0.0,301.98999999999995
2009/06/27 22:00:00,0.0,426.244039449924,834.0,102821.59999999999,0.003759091192307787,294.7,5.079167,0.0,0.0,300.34
2009/06/27 23:00:00,0.0,424.71537697780013,683.5,102837.1,0.0037213204488085977,294.46999999999997,4.839776,0.0,0.0,298.45
2009/06/28 00:00:00,0.0,422.7791892971528,501.2,102821.3,0.0032840879247282274,294.42999999999995,4.473315,0.0,0.0,296.09
2009/06/28 01:00:00,0.0,419.4326409858342,310.2,102841.90000000001,0.003217790297103962,293.91999999999996,3.668745,0.0,0.0,292.87
2009/06/28 02:00:00,0.0,412.55709080663894,132.8,102850.0,0.004279133570714227,292.14,2.67975,0.0,0.0,289.12
2009/06/28 03:00:00,0.0,392.0999990776971,3.199,102873.29999999999,0.0046509052380883644,288.45,1.38637,0.0,0.0,284.26
2009/06/28 04:00:00,0.0,375.1950656217145,0.048,102944.5,0.006190692125587731,284.87,1.881396,0.0,0.0,282.63
2009/06/28 05:00:00,0.0,374.2583486544866,0.0,102982.7,0.005937503649532249,284.78,3.116964,0.0,0.0,283.17999999999995
2009/06/28 06:00:00,0.0,367.92735703953394,0.003,102982.7,0.006172492182729361,283.54999999999995,4.702871,0.0,0.0,282.57
2009/06/28 07:00:00,0.0,370.240918399821,0.001,102933.99999999999,0.006155753394743201,283.97999999999996,4.569273,0.0,0.0,282.71999999999997
2009/06/28 08:00:00,0.0,371.7304495378144,0.0,102900.29999999999,0.006360571063850772,284.19,5.027371,0.0,0.0,282.66999999999996
2009/06/28 09:00:00,0.0,367.3960403893942,0.002,102885.20000000001,0.006026981117838907,283.5,4.643511,0.0,0.0,281.98999999999995
2009/06/28 10:00:00,0.0,365.14409988278476,0.002,102836.5,0.006303521886626743,283.0,3.735461,0.0,0.0,281.47999999999996
2009/06/28 11:00:00,0.0,353.36602720486246,0.002,102842.7,0.0058766098309793405,280.93199999999996,2.206183,0.0,0.0,280.054
2009/06/28 12:00:00,0.0,351.037759642231,18.24,102894.90000000001,0.005631132361629725,280.572,1.678801,0.0,0.0,279.748
2009/06/28 13:00:00,0.0,366.8546691719052,168.0,102918.80000000002,0.005842182228634014,283.46,1.841005,0.0,0.0,283.08
2009/06/28 14:00:00,0.0,386.1323843131173,345.3,102885.40000000001,0.005815422559970257,286.95,2.281199,0.0,0.0,288.06
2009/06/28 15:00:00,0.0,403.71866649808214,533.9,102889.7,0.0053701336536110325,290.16999999999996,2.771923,0.0,0.0,293.97999999999996
2009/06/28 16:00:00,0.0,411.22162228443983,711.5,102830.8,0.003943392004728005,292.09,3.236212,0.0,0.0,299.19
2009/06/28 17:00:00,0.0,421.54256133898843,849.0,102840.79999999999,0.004224873149478913,293.66999999999996,3.059971,0.0,0.0,303.53999999999996
2009/06/28 18:00:00,0.0,423.9266529101804,944.0,102812.79999999999,0.0031573466480005253,294.71,1.939444,0.0,0.0,307.05999999999995
2009/06/28 19:00:00,0.0,430.66746999300756,984.0,102747.90000000001,0.0036200219968327636,295.51,2.642952,0.0,0.0,308.47999999999996
2009/06/28 20:00:00,0.0,433.4045822576285,976.0,102707.40000000001,0.004244733875211909,295.60999999999996,2.401449,0.0,0.0,308.66999999999996
2009/06/28 21:00:00,0.0,439.95307916277125,923.0,102705.30000000002,0.004893194827250894,296.37,3.141204,0.0,0.0,307.45
2009/06/28 22:00:00,0.0,441.2315488078045,827.0,102633.20000000001,0.00373914219684479,297.15,2.50039,0.0,0.0,306.33
2009/06/28 23:00:00,0.0,444.30661936374963,699.2,102596.0,0.004102563014337696,297.44,3.100138,0.0,0.0,303.77
2009/06/29 00:00:00,0.0,439.7774606285296,534.0,102519.90000000001,0.0036213808524509453,296.98999999999995,3.747661,0.0,0.0,300.33
2009/06/29 01:00:00,0.0,435.3316097715572,323.6,102568.59999999999,0.003914770960686928,296.09999999999997,3.636407,0.0,0.0,296.15
2009/06/29 02:00:00,0.0,429.4848196309648,130.9,102599.49999999999,0.005554021744042808,294.41999999999996,1.287688,0.0,0.0,291.48999999999995
2009/06/29 03:00:00,0.0,406.1603792174657,4.279,102599.2,0.0072375838181261195,290.02,2.11352,0.0,0.0,287.56
2009/06/29 04:00:00,0.0,389.1061397493092,0.082,102610.3,0.0059680627101756055,287.42999999999995,2.623872,0.0,0.0,285.84999999999997
2009/06/29 05:00:00,0.0,386.51245369765144,0.032,102583.40000000001,0.006101206532947077,286.92999999999995,2.581226,0.0,0.0,285.03
2009/06/29 06:00:00,0.0,377.9811364562412,0.036,102529.29999999999,0.006160237266150582,285.39,2.331118,0.0,0.0,283.67999999999995
2009/06/29 07:00:00,0.0,371.5286048857242,0.0,102560.3,0.0055316470032124474,284.42999999999995,1.481504,0.0,0.0,281.90999999999997
2009/06/29 08:00:00,0.0,365.7903799309855,0.0,102548.1,0.005667760057708805,283.33,1.685654,0.0,0.0,281.2
2009/06/29 09:00:00,0.0,365.92530701577624,0.0,102549.8,0.005829389511202805,283.29999999999995,1.275292,0.0,0.0,280.155
2009/06/29 10:00:00,0.0,359.2484574184533,0.0,102514.3,0.005568886387676276,282.15,1.377326,0.0,0.0,279.539
2009/06/29 11:00:00,0.0,348.33416816989177,0.0,102542.3,0.004856959793230187,280.35699999999997,2.016797,0.0,0.0,279.082
2009/06/29 12:00:00,0.0,360.7211208724296,16.05,102558.5,0.003614595890028626,283.32,1.427346,0.0,0.0,279.561
2009/06/29 13:00:00,0.0,382.9407908085156,166.7,102525.6,0.004010623074189853,287.15,1.080195,0.0,0.0,284.37
2009/06/29 14:00:00,0.0,401.3165417827691,343.4,102602.50000000001,0.005571631760783447,289.69,1.780975,0.0,0.0,290.21
2009/06/29 15:00:00,0.0,414.8041374718235,532.9,102588.79999999999,0.004537445167883937,292.4,1.237494,0.0,0.0,297.28999999999996
2009/06/29 16:00:00,0.0,426.5833569660573,696.2,102546.0,0.004261875552572654,294.48999999999995,2.299944,0.0,0.0,302.87
2009/06/29 17:00:00,0.0,430.6880894124916,847.0,102545.90000000001,0.004246735795231822,295.16999999999996,1.965878,0.0,0.0,307.28999999999996
2009/06/29 18:00:00,0.0,432.3830656869952,939.0,102495.5,0.003439083079197854,295.90999999999997,2.813956,0.0,0.0,309.41999999999996
2009/06/29 19:00:00,0.0,434.9285373485485,981.0,102483.0,0.0034145477726886435,296.34,2.403147,0.0,0.0,311.21999999999997
2009/06/29 20:00:00,0.0,438.8004453641969,990.0,102450.8,0.0032910527472909423,297.04999999999995,3.178492,0.0,0.0,311.26
2009/06/29 21:00:00,0.0,444.98133830006265,1018.0,102414.9,0.003597180412328703,297.84,2.367047,0.0,0.0,311.60999999999996
2009/06/29 22:00:00,0.0,447.2951901026476,886.0,102401.9,0.0037427605950664,298.12,2.74195,0.0,0.0,308.54999999999995
2009/06/29 23:00:00,0.0,438.7929399364567,377.4,102407.0,0.003628007229046287,296.83,2.601899,0.0,0.0,300.34
2009/06/30 00:00:00,0.0,440.0678602041693,527.5,102373.6,0.0026657054582546395,297.75,4.660583,0.0,0.0,300.84
2009/06/30 01:00:00,0.0,430.2502550770909,315.2,102422.4,0.0027292777005933884,296.09999999999997,5.404624,0.0,0.0,296.08
2009/06/30 02:00:00,0.0,423.22363899203924,134.7,102390.8,0.0038297814204224963,294.16999999999996,2.910223,0.0,0.0,291.75
2009/06/30 03:00:00,0.0,398.9345388544447,3.012,102438.3,0.0039022940756874365,290.02,1.524234,0.0,0.0,286.0
2009/06/30 04:00:00,0.0,380.6336081749811,0.095,102487.20000000001,0.004362613606888648,286.56,1.670725,0.0,0.0,282.51
2009/06/30 05:00:00,0.0,357.8907244668297,0.01,102529.09999999999,0.004061343320487445,282.53999999999996,2.246044,0.0,0.0,281.34999999999997
2009/06/30 06:00:00,0.0,360.60263492113705,0.0,102502.29999999999,0.004019894771563158,283.07,2.017437,0.0,0.0,280.553
2009/06/30 07:00:00,0.0,348.2847382805402,0.001,102476.6,0.0038177332750598796,280.851,1.950082,0.0,0.0,279.52799999999996
2009/06/30 08:00:00,0.0,343.7275180239032,0.001,102444.69999999998,0.0038514678477511322,279.955,1.996908,0.0,0.0,278.769
2009/06/30 09:00:00,0.0,342.3846605519442,0.0,102441.3,0.0039055129962539455,279.66499999999996,1.88312,0.0,0.0,278.215
2009/06/30 10:00:00,0.0,339.70110574803715,0.0,102417.0,0.0037064019114672153,279.255,2.092007,0.0,0.0,278.21599999999995
2009/06/30 11:00:00,0.0,343.57692363696066,0.0,102449.49999999999,0.003811629399494111,279.948,1.553203,0.0,0.0,277.197
2009/06/30 12:00:00,0.0,337.1346211301645,14.59,102449.8,0.003866421425714613,278.661,1.726463,0.0,0.0,277.287
2009/06/30 13:00:00,0.0,354.2803705991724,167.4,102537.7,0.00442422295297152,281.67999999999995,1.239304,0.0,0.0,281.87
2009/06/30 14:00:00,0.0,386.6645126978362,342.8,102528.9,0.003199565857620857,288.31,1.993287,0.0,0.0,289.94
2009/06/30 15:00:00,0.0,413.9853442632316,529.7,102509.40000000001,0.004022233082834774,292.52,1.304011,0.0,0.0,298.21
2009/06/30 16:00:00,0.0,433.58722263185683,700.1,102448.29999999999,0.004005196205317524,295.77,3.249054,0.0,0.0,304.21
2009/06/30 17:00:00,0.0,441.9070249242841,842.0,102439.00000000001,0.0038642397676241463,297.19,3.246408,0.0,0.0,308.87
2009/06/30 18:00:00,0.0,445.70049519868155,958.0,102503.09999999999,0.00407218910839979,297.67999999999995,2.882145,0.0,0.0,312.09999999999997
2009/06/30 19:00:00,0.0,444.05453411646266,978.0,102446.59999999999,0.0032659433249219005,297.90999999999997,3.658747,0.0,0.0,312.69
2009/06/30 20:00:00,0.0,445.1314014906881,984.0,102471.49999999999,0.0028483970616523767,298.4,3.554275,0.0,0.0,312.60999999999996
2009/06/30 21:00:00,0.0,445.4179545290555,937.0,102414.20000000001,0.0024412867412119577,298.82,3.979413,0.0,0.0,311.05999999999995
2009/06/30 22:00:00,0.0,450.6803723674876,835.0,102403.09999999999,0.0033567311518827633,298.9,3.633538,0.0,0.0,308.71999999999997
2009/06/30 23:00:00,0.0,445.6984661058094,687.6,102393.2,0.002387785133511156,298.91999999999996,3.759638,0.0,0.0,305.58
2009/07/01 00:00:00,0.0,444.30711009296186,508.2,102365.3,0.0025891804792606402,298.5,2.861477,0.0,0.0,302.0
2009/07/01 01:00:00,0.0,441.39282350563457,309.1,102341.4,0.0037597560946299696,297.16999999999996,3.553815,0.0,0.0,296.96999999999997
2009/07/01 02:00:00,0.0,430.9490003692052,127.4,102338.7,0.006164376121409485,294.46,2.486406,0.0,0.0,292.28
2009/07/01 03:00:00,0.0,403.99069142061717,2.401,102348.2,0.005582544375377632,290.15,1.702423,0.0,0.0,287.14
2009/07/01 04:00:00,0.0,397.9175849164572,0.003,102404.8,0.006100347383800237,288.92999999999995,2.506128,0.0,0.0,287.0
2009/07/01 05:00:00,0.0,382.7316993570791,0.071,102485.7,0.005480158171632524,286.46999999999997,2.581559,0.0,0.0,284.96
2009/07/01 06:00:00,0.0,395.67516851399125,0.015,102481.9,0.005505869852945123,288.73999999999995,5.171225,0.0,0.0,286.67999999999995
2009/07/01 07:00:00,0.0,390.62927674832986,0.066,102445.8,0.006223742330012249,287.62,6.277159,0.0,0.0,286.12
2009/07/01 08:00:00,0.0,387.47747764694645,0.02,102441.1,0.007362061808390151,286.75,6.866739,0.0,0.0,285.65
2009/07/01 09:00:00,0.0,380.92584477129833,0.035,102388.5,0.007469216017055913,285.56,6.355682,0.0,0.0,284.71999999999997
2009/07/01 10:00:00,0.0,378.3254947858729,0.011,102351.3,0.007528012087805248,285.08,5.447773,0.0,0.0,284.13
2009/07/01 11:00:00,0.0,373.4348722137485,0.003,102401.4,0.0073067440358998235,284.25,3.664262,0.0,0.0,283.21999999999997
2009/07/01 12:00:00,0.0,365.78583932297164,14.8,102398.0,0.006704353526628566,283.01,1.881978,0.0,0.0,281.96
2009/07/01 13:00:00,0.0,374.7834612316498,157.7,102394.2,0.006720322500491835,284.65,1.563287,0.0,0.0,284.78
2009/07/01 14:00:00,0.0,400.83887575882244,336.9,102403.8,0.004667630790949741,289.96999999999997,0.8054038,0.0,0.0,291.63
2009/07/01 15:00:00,0.0,415.6363734654421,390.7,102427.70000000001,0.004251927994003209,292.67999999999995,0.7193871,0.0,0.0,295.96999999999997
2009/07/01 16:00:00,0.0,432.4383045584574,670.7,102424.2,0.005016539096115264,295.10999999999996,1.829527,0.0,0.0,304.32
2009/07/01 17:00:00,0.0,439.98528009430686,769.8,102422.4,0.0045109475104773014,296.54999999999995,2.846184,0.0,0.0,308.12
2009/07/01 18:00:00,0.0,445.00466048183864,935.0,102470.90000000001,0.004623549385205692,297.29999999999995,3.486957,0.0,0.0,311.65999999999997
2009/07/01 19:00:00,0.0,447.7366551003115,859.0,102406.09999999999,0.005132722159440361,297.52,3.500923,0.0,0.0,310.09
2009/07/01 20:00:00,0.0,440.9182040527297,308.2,102487.3,0.0042792938911509456,296.81,2.440585,0.0,0.0,301.82
2009/07/01 21:00:00,0.0,446.91211880250154,485.5,102406.9,0.005080571983177594,297.40999999999997,2.336491,0.0,0.0,304.0
2009/07/01 22:00:00,0.0,449.3877469210864,859.0,102402.09999999999,0.005011770382786332,297.83,4.566017,0.0,0.0,307.90999999999997
2009/07/01 23:00:00,0.0,441.17049585140785,111.0,102447.70000000001,0.005651066718344402,296.28,2.717577,0.0,0.0,296.78999999999996
2009/07/02 00:00:00,0.0,422.31878926051075,385.8,102458.8,0.006425973798845598,292.96,3.473705,0.0,0.0,296.32
2009/07/02 01:00:00,0.0,424.9044558141892,266.5,102471.59999999999,0.006381925060778287,293.4,2.351115,0.0,0.0,294.84
2009/07/02 02:00:00,0.0,416.344247890435,15.45,102573.6,0.007278796844111455,291.72999999999996,2.921452,0.0,0.0,291.95
2009/07/02 03:00:00,0.254,409.49419949782833,0.738,102698.2,0.008102589644212907,290.38,3.348431,0.0,0.0,289.35999999999996
2009/07/02 04:00:00,0.0,392.5484609920234,0.043,102608.7,0.008262233510975645,287.42999999999995,1.189331,0.0,0.0,286.56
2009/07/02 05:00:00,0.0,387.14193612565697,0.1,102693.1,0.007306955849072876,286.7,4.075516,0.0,0.0,285.01
2009/07/02 06:00:00,0.0,374.4261089117098,0.009,102620.5,0.006796512361717138,284.56,1.941477,0.0,0.0,283.42999999999995
2009/07/02 07:00:00,0.0,368.8869649863722,0.002,102657.8,0.00679594118647857,283.54999999999995,1.319081,0.0,0.0,282.34999999999997
2009/07/02 08:00:00,0.0,365.0358203443962,0.008,102658.8,0.006586900772742472,282.9,1.018468,0.0,0.0,281.5
2009/07/02 09:00:00,0.0,357.9038884582533,0.001,102654.6,0.006192134748416911,281.69,1.541337,0.0,0.0,280.63
2009/07/02 10:00:00,0.0,362.4282861610485,0.001,102633.20000000001,0.005862929159045142,282.64,0.9489975,0.0,0.0,280.42699999999996
2009/07/02 11:00:00,0.0,358.4929532401383,0.0,102723.2,0.00615698273545931,281.81,1.324652,0.0,0.0,280.04299999999995
2009/07/02 12:00:00,0.0,364.7054904716009,12.37,102755.9,0.006206634244302512,282.95,0.9742615,0.0,0.0,279.91999999999996
2009/07/02 13:00:00,0.254,370.4202738214652,152.6,102771.90000000001,0.006507535996857095,283.90999999999997,1.169973,0.0,0.0,283.87
2009/07/02 14:00:00,0.0,389.20691805932046,307.0,102786.20000000001,0.007121148306596931,287.10999999999996,1.542228,0.0,0.0,289.04999999999995
2009/07/02 15:00:00,0.0,393.9399878417748,381.7,102757.9,0.006333882134565912,288.15999999999997,1.287437,0.0,0.0,292.82
2009/07/02 16:00:00,0.0,405.2729606032256,377.8,102768.0,0.007065659357163273,289.90999999999997,1.142172,0.0,0.0,294.76
2009/07/02 17:00:00,0.0,417.9846234390146,758.9,102732.9,0.005492511631827148,292.53999999999996,1.873622,0.0,0.0,304.53999999999996
2009/07/02 18:00:00,0.0,436.7120067464699,890.0,102692.3,0.005477646567563373,295.62,1.695738,0.0,0.0,310.40999999999997
2009/07/02 19:00:00,0.0,441.83657164281306,827.0,102641.1,0.005546361410782652,296.41999999999996,2.074207,0.0,0.0,310.54999999999995
2009/07/02 20:00:00,0.0,433.96292904994436,255.9,102608.5,0.008610772857541336,294.33,5.198411,0.0,0.0,299.12
2009/07/02 21:00:00,0.508,418.234246354942,180.9,102624.29999999999,0.009975240890265689,291.48999999999995,4.921922,0.0,0.0,291.60999999999996
2009/07/02 22:00:00,0.0,433.881825389107,702.7,102570.1,0.008797475236569399,294.28,6.305264,0.0,0.0,298.87
2009/07/02 23:00:00,0.0,415.4846004476362,235.2,102604.6,0.007711699210797137,291.47999999999996,7.91017,0.0,0.0,293.21999999999997
2009/07/03 00:00:00,0.0,405.3903490471176,107.4,102582.8,0.00812102386631032,289.67999999999995,7.32819,0.0,0.0,290.82
2009/07/03 01:00:00,0.0,400.1675214389095,55.1,102723.2,0.007646272929157606,288.89,6.601454,0.0,0.0,289.59999999999997
2009/07/03 02:00:00,0.0,392.736997044419,20.09,102646.90000000001,0.00804414941960236,287.51,0.991309,0.0,0.0,287.34999999999997
2009/07/03 03:00:00,0.0,390.099894125734,1.06,102676.0,0.007768430731725728,287.10999999999996,1.174011,0.0,0.0,286.40999999999997
2009/07/03 04:00:00,0.0,389.0056419906233,0.051,102664.4,0.007845142839724291,286.9,0.9165183,0.0,0.0,286.15999999999997
2009/07/03 05:00:00,0.0,387.00431936147197,0.046,102655.8,0.008144258237939633,286.47999999999996,1.729026,0.0,0.0,286.35999999999996
2009/07/03 06:00:00,0.0,386.19511526774795,0.048,102679.29999999999,0.007398261957133608,286.51,0.8037046,0.0,0.0,286.15
2009/07/03 07:00:00,0.0,388.8482017083574,0.028,102638.79999999999,0.008403513591298511,286.75,0.9674093,0.0,0.0,286.22999999999996
2009/07/03 08:00:00,0.0,385.4377034983332,0.012,102631.8,0.0078023751844962085,286.28,1.219443,0.0,0.0,285.41999999999996
2009/07/03 09:00:00,0.0,384.97486676192074,0.02,102583.40000000001,0.00806175755488853,286.14,0.8446799,0.0,0.0,285.28
2009/07/03 10:00:00,0.0,385.34640620693585,0.044,102518.4,0.007959142274887726,286.22999999999996,0.4214204,0.0,0.0,285.53
2009/07/03 11:00:00,0.0,383.0031938220816,0.036,102575.29999999999,0.008105028449681202,285.78,0.8304733,0.0,0.0,285.46999999999997
2009/07/03 12:00:00,0.0,383.83665285750067,3.197,102550.9,0.008009467391760056,285.95,1.032089,0.0,0.0,285.60999999999996
2009/07/03 13:00:00,0.0,385.32975759539465,30.19,102534.7,0.007989198335610867,286.21999999999997,0.9723119,0.0,0.0,286.48999999999995
2009/07/03 14:00:00,0.0,391.4620257485804,71.93,102594.8,0.007900803910184112,287.32,0.8007545,0.0,0.0,288.09999999999997
2009/07/03 15:00:00,0.0,402.60834519099546,384.8,102595.4,0.007447706693821708,289.35999999999996,1.169471,0.0,0.0,293.29999999999995
2009/07/03 16:00:00,0.0,409.932779348564,263.2,102619.8,0.0077311968949681995,290.53999999999996,2.331114,0.0,0.0,295.03999999999996
2009/07/03 17:00:00,0.0,416.8349669425603,495.1,102587.3,0.00827465084381873,291.58,4.504874,0.0,0.0,299.26
2009/07/03 18:00:00,0.0,421.3370930616999,748.1,102570.0,0.006757676231896036,292.7,4.969693,0.0,0.0,304.09999999999997
2009/07/03 19:00:00,0.0,429.6643289559808,714.6,102564.20000000001,0.00907184810393759,293.53999999999996,4.977047,0.0,0.0,304.71
2009/07/03 20:00:00,0.0,423.7538948260558,637.9,102514.4,0.007250305847118435,292.96999999999997,5.23259,0.0,0.0,302.88
2009/07/03 21:00:00,0.0,429.05188087064755,565.3,102498.0,0.006485000330372086,294.04999999999995,3.973732,0.0,0.0,302.59
2009/07/03 22:00:00,0.0,433.21052480832486,477.7,102464.20000000001,0.006480073923115075,294.72999999999996,4.375449,0.0,0.0,302.07
2009/07/03 23:00:00,0.0,436.68344453889875,326.9,102545.2,0.005669341788029473,295.54999999999995,4.581587,0.0,0.0,299.84999999999997
2009/07/04 00:00:00,0.0,431.6897050901424,257.6,102547.90000000001,0.00852072076139484,293.97999999999996,6.821194,0.0,0.0,296.45
2009/07/04 01:00:00,0.0,415.2028922248981,166.1,102534.5,0.006821677739351571,291.65999999999997,4.683268,0.0,0.0,293.53999999999996
2009/07/04 02:00:00,0.0,405.0542153918809,114.2,102564.4,0.0068649493537975845,289.92999999999995,4.456213,0.0,0.0,289.83
2009/07/04 03:00:00,0.0,392.0592513501421,1.999,102622.0,0.006982983603483751,287.65,1.303175,0.0,0.0,286.06
2009/07/04 04:00:00,0.0,390.80925928937427,0.027,102740.3,0.008002620231562271,287.17999999999995,4.675349,0.0,0.0,287.31
2009/07/04 05:00:00,0.0,383.97351915538496,0.045,102745.0,0.007498776605551146,286.09,2.23156,0.0,0.0,286.91999999999996
2009/07/04 06:00:00,0.0,381.4139027220584,0.025,102794.4,0.007720239909670764,285.58,1.392953,0.0,0.0,285.65999999999997
2009/07/04 07:00:00,0.0,377.6243464937005,0.044,102779.7,0.007851838409582021,284.87,2.059581,0.0,0.0,284.78999999999996
2009/07/04 08:00:00,0.0,373.04544877186464,0.007,102753.2,0.00756311721234329,284.10999999999996,0.9520612,0.0,0.0,282.14
2009/07/04 09:00:00,0.0,367.8325169572281,0.0,102739.3,0.007114393721755427,283.27,0.7297764,0.0,0.0,280.801
2009/07/04 10:00:00,0.0,360.7027750433213,0.001,102743.69999999998,0.006673006702118605,282.07,1.044902,0.0,0.0,280.917
2009/07/04 11:00:00,0.0,366.3518790257126,0.0,102732.40000000001,0.0071444720048029955,282.98999999999995,0.8557937,0.0,0.0,281.097
2009/07/04 12:00:00,0.0,361.40196511410403,15.72,102750.2,0.0068176407265973845,282.15999999999997,1.051643,0.0,0.0,281.4
2009/07/04 13:00:00,0.0,380.352982831391,172.4,102800.6,0.007348196191208594,285.47999999999996,0.6152924,0.0,0.0,284.51
2009/07/04 14:00:00,0.0,390.4747506705376,336.2,102834.09999999999,0.007696005143411041,287.19,0.8264624,0.0,0.0,288.85999999999996
2009/07/04 15:00:00,0.0,395.78600596323804,460.6,102857.40000000001,0.007989665251357242,288.04999999999995,1.250836,0.0,0.0,293.35999999999996
2009/07/04 16:00:00,0.0,394.2765193109246,489.6,102840.1,0.007760139406563093,287.84,2.439053,0.0,0.0,295.57
2009/07/04 17:00:00,0.0,402.48818587495003,821.0,102879.5,0.006846125839676996,289.48999999999995,2.756713,0.0,0.0,303.46999999999997
2009/07/04 18:00:00,0.0,410.7383971172971,663.1,102866.3,0.007207680552994298,290.79999999999995,2.384905,0.0,0.0,303.63
2009/07/04 19:00:00,0.0,410.25160387468645,437.1,102813.9,0.007086339606003489,290.75,2.55195,0.0,0.0,299.96
2009/07/04 20:00:00,0.0,406.8644373061499,81.1,102852.6,0.006951873057227985,290.21,1.193705,0.0,0.0,292.44
2009/07/04 21:00:00,0.0,398.40959714235134,419.9,102814.3,0.007751939583483819,288.56,3.093204,0.0,0.0,292.37
2009/07/04 22:00:00,0.508,402.51064790008235,391.2,102763.79999999999,0.008514776533161206,289.09999999999997,2.118914,0.0,0.0,291.90999999999997
2009/07/04 23:00:00,0.0,411.5342821772448,358.3,102735.9,0.007433967661360711,290.88,0.8830367,0.0,0.0,293.95
2009/07/05 00:00:00,0.0,398.43403874682366,98.9,102680.5,0.007737297197432047,288.57,3.868134,0.0,0.0,289.4
2009/07/05 01:00:00,4.318,384.0476813961564,54.61,102849.6,0.008019838228707724,285.97999999999996,4.333565,0.0,0.0,286.28
2009/07/05 02:00:00,0.0,371.4324355307475,20.82,102843.0,0.007140899307669351,283.91999999999996,2.3656,0.0,0.0,285.21999999999997
2009/07/05 03:00:00,0.0,375.4924730673479,0.936,102848.0,0.006939829973095521,284.71,2.13415,0.0,0.0,284.85999999999996
2009/07/05 04:00:00,0.0,371.4944173570866,0.0,102883.99999999999,0.007066154281850169,283.95,2.689137,0.0,0.0,283.53
2009/07/05 05:00:00,0.0,363.8045342337097,0.0,102836.5,0.006761216047301036,282.62,2.171059,0.0,0.0,282.40999999999997
2009/07/05 06:00:00,0.0,358.5705823987676,0.0,102822.49999999999,0.006396547269323835,281.75,1.760196,0.0,0.0,281.7
2009/07/05 07:00:00,0.0,355.3860417575573,0.0,102802.09999999999,0.0061081464840101385,281.23999999999995,1.124568,0.0,0.0,280.87399999999997
2009/07/05 08:00:00,0.0,357.0431349128483,0.0,102789.4,0.0060829716720724545,281.56,0.9323675,0.0,0.0,280.113
2009/07/05 09:00:00,0.0,348.43493456254265,0.0,102696.59999999999,0.005810606088889959,280.018,1.03883,0.0,0.0,279.659
2009/07/05 10:00:00,0.0,348.39527279141026,0.0,102721.0,0.005822461847370662,280.006,0.9371306,0.0,0.0,279.20799999999997
2009/07/05 11:00:00,0.0,349.3131427944673,0.0,102664.1,0.005629907624657435,280.248,1.026184,0.0,0.0,279.126
2009/07/05 12:00:00,0.0,345.04343104942615,13.16,102672.29999999999,0.005208018020556578,279.582,1.23922,0.0,0.0,279.12
2009/07/05 13:00:00,0.0,370.83852727405394,147.5,102662.7,0.0065020183599921785,283.98999999999995,0.6214245,0.0,0.0,282.57
2009/07/05 14:00:00,0.0,385.13747802424797,321.8,102680.30000000002,0.005990124768300957,286.71999999999997,0.6871029,0.0,0.0,286.21999999999997
2009/07/05 15:00:00,0.0,395.2129345642422,502.8,102699.90000000001,0.006904771398590841,288.21999999999997,0.9723397,0.0,0.0,291.4
2009/07/05 16:00:00,0.0,407.82124839499875,678.7,102703.9,0.0066102281686391436,290.46999999999997,0.8322625,0.0,0.0,297.25
2009/07/05 17:00:00,0.0,414.18778525616557,819.0,102671.70000000001,0.006195238080226062,291.66999999999996,1.349134,0.0,0.0,300.75
2009/07/05 18:00:00,0.0,416.32095888769084,537.8,102678.9,0.006219619406647872,292.02,1.359638,0.0,0.0,298.08
2009/07/05 19:00:00,0.0,422.96668107123884,983.0,102647.29999999999,0.0069348520008909054,292.91999999999996,3.27,0.0,0.0,302.81
2009/07/05 20:00:00,0.508,416.35282774644423,86.1,102618.3,0.00826914976801816,291.5,2.081893,0.0,0.0,292.82
2009/07/05 21:00:00,0.508,406.10258234867143,836.0,102606.19999999998,0.007082738263587784,290.04999999999995,2.427048,0.0,0.0,293.31
2009/07/05 22:00:00,0.0,422.40339219632506,813.0,102599.90000000001,0.006498593420945838,292.95,2.275838,0.0,0.0,297.03999999999996
2009/07/05 23:00:00,0.0,419.19849957072984,447.1,102515.90000000001,0.005767547260841565,292.65,2.610306,0.0,0.0,295.14
2009/07/06 00:00:00,0.0,425.0945207504499,372.3,102520.90000000001,0.007176087707680429,293.21,1.551006,0.0,0.0,294.34999999999997
2009/07/06 01:00:00,0.0,414.49845744616374,209.7,102524.0,0.007910769394020578,291.27,3.911084,0.0,0.0,291.7
2009/07/06 02:00:00,0.0,408.9479610989035,32.0,102549.29999999999,0.0086711180235157,290.16999999999996,1.458045,0.0,0.0,289.09999999999997
2009/07/06 03:00:00,0.0,396.6437089079206,1.666,102565.5,0.00902076299424438,287.98999999999995,3.021228,0.0,0.0,287.22999999999996
2009/07/06 04:00:00,0.254,393.8602804030752,0.045,102582.19999999998,0.008742436149078029,287.56,3.431058,0.0,0.0,287.16999999999996
2009/07/06 05:00:00,0.254,390.83875468144737,0.043,102643.3,0.008498565538128552,287.08,1.887298,0.0,0.0,286.63
2009/07/06 06:00:00,0.0,381.66188819606657,0.045,102583.3,0.007928654972496165,285.58,3.397242,0.0,0.0,284.95
2009/07/06 07:00:00,0.0,376.9620198472567,0.019,102571.8,0.007530433917965618,284.83,3.528662,0.0,0.0,284.26
2009/07/06 08:00:00,0.0,373.2724596660323,0.007,102571.90000000001,0.007217658408810217,284.23999999999995,2.628134,0.0,0.0,283.5
2009/07/06 09:00:00,0.0,365.9472077833894,0.008,102560.40000000001,0.006764694715301604,283.02,1.294178,0.0,0.0,282.08
2009/07/06 10:00:00,0.0,358.90664151844237,0.003,102540.7,0.0062571733110653276,281.85999999999996,1.258217,0.0,0.0,281.111
2009/07/06 11:00:00,0.0,351.43185666292527,0.0,102496.70000000001,0.0059332611900122945,280.553,1.60858,0.0,0.0,280.489
2009/07/06 12:00:00,0.0,358.2197667627255,14.5,102523.70000000001,0.0051558849281709215,282.10999999999996,0.8124235,0.0,0.0,280.28999999999996
2009/07/06 13:00:00,0.0,367.75137622806494,153.7,102497.1,0.005942082352080364,283.59999999999997,1.465626,0.0,0.0,283.04999999999995
2009/07/06 14:00:00,0.0,391.9096969220949,327.8,102496.2,0.0054851606136240415,288.09,1.050112,0.0,0.0,287.47999999999996
2009/07/06 15:00:00,0.0,403.7990178595786,515.5,102500.29999999999,0.006199033075684105,289.90999999999997,1.59298,0.0,0.0,292.66999999999996
2009/07/06 16:00:00,0.0,421.7161231093327,681.5,102470.0,0.005620548186874843,293.12,0.9660338,0.0,0.0,298.15999999999997
2009/07/06 17:00:00,0.0,428.7162241342666,830.0,102446.8,0.0038703295461808666,295.04999999999995,2.546016,0.0,0.0,301.19
2009/07/06 18:00:00,0.0,436.84198021527953,928.0,102369.5,0.004859515553957902,295.89,2.260251,0.0,0.0,303.64
2009/07/06 19:00:00,0.254,438.43662846808604,485.8,102378.3,0.00653705917532,295.56,3.339583,0.0,0.0,298.21
2009/07/06 20:00:00,0.0,435.80761460185,723.6,102295.2,0.005189925490717357,295.59,2.204705,0.0,0.0,300.04999999999995
2009/07/06 21:00:00,0.0,426.4903044007719,206.3,102290.0,0.004619803123188499,294.31,3.803177,0.0,0.0,294.95
2009/07/06 22:00:00,0.0,411.80731174635537,259.8,102219.0,0.004838030631150977,291.77,4.854205,0.0,0.0,292.44
2009/07/06 23:00:00,0.0,426.0626879861094,596.0,102158.5,0.004286811446635097,294.4,2.932228,0.0,0.0,297.34999999999997
2009/07/07 00:00:00,0.0,423.12042711483133,73.29,102330.6,0.005929740571954223,293.25,5.662096,0.0,0.0,292.21
2009/07/07 01:00:00,0.0,398.4923422215694,65.42,102178.0,0.005354592040242235,289.28999999999996,6.63262,0.0,0.0,288.34
2009/07/07 02:00:00,0.0,404.1460017068935,82.0,102179.5,0.0054160624100800326,290.23999999999995,5.67802,0.0,0.0,288.31
2009/07/07 03:00:00,0.0,393.0276342320388,4.203,102151.8,0.0062419612384899004,288.03999999999996,1.281783,0.0,0.0,284.25
2009/07/07 04:00:00,0.0,375.93438233679433,0.09,102205.2,0.005810893973137467,285.14,1.843231,0.0,0.0,283.40999999999997
2009/07/07 05:00:00,0.0,379.5598849552095,0.0,102174.1,0.0060036778851498005,285.72999999999996,4.505641,0.0,0.0,283.97999999999996
2009/07/07 06:00:00,0.0,372.95175722953127,0.03,102222.79999999999,0.005959361650543829,284.54999999999995,3.113036,0.0,0.0,282.88
2009/07/07 07:00:00,0.0,373.53524039148107,0.005,102223.5,0.006330095433690017,284.53999999999996,5.229025,0.0,0.0,283.15999999999997
2009/07/07 08:00:00,0.0,372.8899842839025,0.004,102174.1,0.0067579503178482455,284.29999999999995,5.109332,0.0,0.0,282.90999999999997
2009/07/07 09:00:00,0.0,368.09225677481237,0.01,102138.2,0.006595397650302169,283.46999999999997,4.465208,0.0,0.0,282.32
2009/07/07 10:00:00,0.0,362.3661276693539,0.011,102114.09999999999,0.006073729919566892,282.57,1.939025,0.0,0.0,280.98699999999997
2009/07/07 11:00:00,0.0,360.9274259914859,0.001,102114.20000000001,0.005192459740185822,282.60999999999996,1.529331,0.0,0.0,280.05199999999996
2009/07/07 12:00:00,0.0,348.7367754119478,11.08,102168.1,0.005024450332116992,280.373,2.013733,0.0,0.0,279.43199999999996
2009/07/07 13:00:00,0.0,369.3338648140772,155.3,102172.90000000001,0.004158266402881821,284.62,1.453343,0.0,0.0,283.17999999999995
2009/07/07 14:00:00,0.0,400.79695716437055,333.7,102217.3,0.005427610118091057,289.65999999999997,1.605599,0.0,0.0,288.7
2009/07/07 15:00:00,0.0,418.034761570592,521.4,102224.7,0.0055431132606199385,292.53999999999996,0.9134074,0.0,0.0,294.62
2009/07/07 16:00:00,0.0,425.24798157142106,692.1,102160.5,0.004939012773604082,293.96999999999997,1.956117,0.0,0.0,299.97999999999996
2009/07/07 17:00:00,0.0,432.29864033486933,828.0,102197.40000000001,0.0037666530860915367,295.7,1.418552,0.0,0.0,304.40999999999997
2009/07/07 18:00:00,0.0,439.2585221584691,930.0,102195.4,0.003777596943530324,296.82,1.963844,0.0,0.0,307.53
2009/07/07 19:00:00,0.0,444.7419777889404,979.0,102106.2,0.0032906936289430204,298.01,4.055321,0.0,0.0,309.15
2009/07/07 20:00:00,0.0,439.28915242062794,251.5,102068.9,0.004587662976990755,296.40999999999997,3.903983,0.0,0.0,298.7
2009/07/07 21:00:00,0.0,427.4287829850367,516.9,102128.3,0.003513112296412134,295.06,5.306182,0.0,0.0,298.90999999999997
2009/07/07 22:00:00,0.0,441.5071102149086,387.7,102100.59999999999,0.006102896079057643,296.19,2.930866,0.0,0.0,299.53999999999996
2009/07/07 23:00:00,0.0,442.19824600846937,608.0,102115.59999999999,0.004826552756004506,296.77,1.793454,0.0,0.0,301.4
2009/07/08 00:00:00,0.0,427.7530540787641,68.39,102110.79999999999,0.008163993415783591,293.41999999999996,3.644122,0.0,0.0,293.89
2009/07/08 01:00:00,0.0,422.0694064043,181.9,102118.7,0.007778797926667243,292.57,4.366019,0.0,0.0,293.27
2009/07/08 02:00:00,0.0,416.0787874998565,41.64,102089.3,0.008010851996299206,291.52,4.072647,0.0,0.0,290.35999999999996
2009/07/08 03:00:00,0.0,402.5363302651828,2.308,102147.1,0.006925772790095783,289.48999999999995,4.922562,0.0,0.0,288.09
2009/07/08 04:00:00,0.0,390.916460887916,0.049,102216.8,0.00611061256496677,287.71,5.405376,0.0,0.0,286.15
2009/07/08 05:00:00,0.0,389.12082740119666,0.03,102165.09999999999,0.006159485727211062,287.38,5.714735,0.0,0.0,286.07
2009/07/08 06:00:00,0.0,392.24491754662137,0.043,102148.0,0.006987159430577149,287.69,6.827941,0.0,0.0,286.19
2009/07/08 07:00:00,0.0,387.2764250308258,0.042,102157.0,0.006861636849275832,286.84999999999997,6.981892,0.0,0.0,285.45
2009/07/08 08:00:00,0.0,382.9591706955899,0.069,102096.2,0.00695450403405245,286.06,5.245739,0.0,0.0,284.5
2009/07/08 09:00:00,0.0,383.7398094705362,0.066,102096.3,0.006950721441123212,286.2,4.380475,0.0,0.0,284.21
2009/07/08 10:00:00,0.0,376.4947759290784,0.048,102068.3,0.006775601409040877,284.95,3.900725,0.0,0.0,283.34
2009/07/08 11:00:00,0.0,381.1322750242578,0.034,102067.8,0.0071228393302839475,285.69,5.178582,0.0,0.0,284.17999999999995
2009/07/08 12:00:00,0.0,374.2891426224235,8.79,102052.3,0.006890085169041181,284.52,4.493648,0.0,0.0,283.03
2009/07/08 13:00:00,0.0,387.12891365577525,151.7,102096.7,0.0066637085075379,286.88,3.145541,0.0,0.0,285.51
2009/07/08 14:00:00,0.0,400.82650196992756,325.3,102098.8,0.003927334582855456,290.34,1.970056,0.0,0.0,290.31
2009/07/08 15:00:00,0.0,419.4317678864866,511.5,102133.7,0.0031561262811975093,293.97999999999996,2.990333,0.0,0.0,296.84
2009/07/08 16:00:00,0.0,432.9052636133202,692.4,102107.8,0.0031966655156649842,296.16999999999996,5.633787,0.0,0.0,301.84999999999997
2009/07/08 17:00:00,0.0,433.2530054076472,842.0,102119.1,0.00265852291355962,296.65999999999997,8.143941,0.0,0.0,305.07
2009/07/08 18:00:00,0.0,437.56027956311976,937.0,102084.79999999999,0.0029900618218411785,297.08,8.036766,0.0,0.0,307.87
2009/07/08 19:00:00,0.0,445.2830696583797,978.0,102076.8,0.0035107533276763775,297.95,7.227016,0.0,0.0,310.14
2009/07/08 20:00:00,0.0,448.76986625563325,974.0,102082.3,0.0033495627601945895,298.60999999999996,6.282685,0.0,0.0,310.97999999999996
2009/07/08 21:00:00,0.0,449.12427405008526,930.0,102057.6,0.0027021642768798836,299.16999999999996,5.989358,0.0,0.0,310.46
2009/07/08 22:00:00,0.0,453.1201562068582,843.0,102048.29999999999,0.0028420429373072283,299.67999999999995,6.917285,0.0,0.0,308.2
2009/07/08 23:00:00,0.0,450.46776492957974,680.8,102029.8,0.002553995762829128,299.52,7.730975,0.0,0.0,304.73999999999995
2009/07/09 00:00:00,0.0,449.0716157571838,513.5,102057.5,0.0027494256529093496,299.12,7.074986,0.0,0.0,301.64
2009/07/09 01:00:00,0.0,443.0886967509019,323.8,102049.7,0.0028288090872914595,298.09999999999997,6.806853,0.0,0.0,297.7
2009/07/09 02:00:00,0.0,434.36060794626235,134.6,102075.8,0.0033355056816495744,296.31,5.136099,0.0,0.0,293.62
2009/07/09 03:00:00,0.0,406.7626116947957,5.445,102123.5,0.003175770010431039,291.83,2.237354,0.0,0.0,287.96999999999997
2009/07/09 04:00:00,0.0,383.8420407183381,0.092,102121.1,0.004123029008580403,287.26,2.503733,0.0,0.0,285.41999999999996
2009/07/09 05:00:00,0.0,377.8034637416133,0.053,102219.4,0.0031891908410411874,286.73999999999995,2.273705,0.0,0.0,284.40999999999997
2009/07/09 06:00:00,0.0,380.8147455245495,0.04,102271.0,0.003364359471364382,287.15999999999997,1.476992,0.0,0.0,282.87
2009/07/09 07:00:00,0.0,387.4574487583988,0.009,102273.2,0.004465182059341602,287.72999999999996,1.895377,0.0,0.0,283.25
2009/07/09 08:00:00,0.0,375.188477299064,0.01,102300.59999999999,0.0038128677240412715,285.87,1.321254,0.0,0.0,280.18699999999995
2009/07/09 09:00:00,0.0,355.8018081678144,0.001,102268.5,0.0044300190087711135,281.96999999999997,1.940362,0.0,0.0,279.81899999999996
2009/07/09 10:00:00,0.0,346.47629523872394,0.0,102331.0,0.004144998939440509,280.332,1.919666,0.0,0.0,278.962
2009/07/09 11:00:00,0.0,341.81241424263453,0.0,102318.2,0.0036326428493797525,279.712,1.466685,0.0,0.0,277.573
2009/07/09 12:00:00,0.0,338.90913203221936,12.4,102335.79999999999,0.003199579429888619,279.424,1.372451,0.0,0.0,277.577
2009/07/09 13:00:00,0.0,355.8110025083181,152.3,102311.5,0.00418469966888673,282.09,0.9857823,0.0,0.0,281.75
2009/07/09 14:00:00,0.0,379.8457547837815,327.1,102353.09999999999,0.0037932419045701733,286.71999999999997,1.658855,0.0,0.0,289.02
2009/07/09 15:00:00,0.0,408.5560652700756,510.1,102391.5,0.004900028362815573,291.19,1.752095,0.0,0.0,296.79999999999995
2009/07/09 16:00:00,0.0,405.70400598946526,664.4,102345.7,0.0046128387076516,290.83,7.395596,0.0,0.0,298.09999999999997
2009/07/09 17:00:00,0.0,414.6009866496226,835.0,102392.6,0.0053840403495436975,292.02,7.770253,0.0,0.0,302.78999999999996
2009/07/09 18:00:00,0.0,425.3787571587855,926.0,102323.1,0.004418208038068263,294.21999999999997,5.804488,0.0,0.0,307.59
2009/07/09 19:00:00,0.0,448.0951264060255,976.0,102344.3,0.00679356741064678,297.03,5.620306,0.0,0.0,311.82
2009/07/09 20:00:00,0.0,439.45273582614186,958.0,102348.7,0.0021613638648039337,298.16999999999996,6.277297,0.0,0.0,312.77
2009/07/09 21:00:00,0.0,451.8795909719398,965.0,102284.0,0.002198367197227076,300.10999999999996,7.538579,0.0,0.0,312.13
2009/07/09 22:00:00,0.0,453.33140995602395,862.0,102304.2,0.002313138970086733,300.21,6.240694,0.0,0.0,310.09999999999997
2009/07/09 23:00:00,0.0,455.0596747367186,752.4,102263.4,0.0025933627551471567,300.2,6.155348,0.0,0.0,308.08
2009/07/10 00:00:00,0.0,439.21673719777266,538.8,102292.9,0.006773260831758165,295.62,4.675877,0.0,0.0,302.13
2009/07/10 01:00:00,0.0,434.4683744175712,145.2,102287.09999999999,0.0066792157898213425,294.88,3.801564,0.0,0.0,295.4
2009/07/10 02:00:00,0.0,420.93148907694734,147.1,102346.5,0.00803047624075706,292.32,5.530308,0.0,0.0,292.45
2009/07/10 03:00:00,0.0,406.8587335564196,5.909,102438.7,0.008179713919667538,289.91999999999996,5.059023,0.0,0.0,289.38
2009/07/10 04:00:00,0.0,398.5702867859679,0.035,102427.70000000001,0.007771681333781691,288.59,5.129139,0.0,0.0,287.5
2009/07/10 05:00:00,0.0,391.8724267564542,0.05,102471.90000000001,0.007831165537048266,287.40999999999997,4.312061,0.0,0.0,286.13
2009/07/10 06:00:00,0.0,389.68585607128625,0.055,102518.3,0.007273641439718826,287.15999999999997,3.567519,0.0,0.0,285.37
2009/07/10 07:00:00,0.0,391.19920513673486,0.092,102551.50000000001,0.007333861340333252,287.40999999999997,1.669415,0.0,0.0,283.87
2009/07/10 08:00:00,0.0,371.9313963712391,0.062,102559.6,0.007164211856484327,284.01,1.727243,0.0,0.0,282.29999999999995
2009/07/10 09:00:00,0.0,360.6792462120839,0.024,102602.0,0.006224233315746496,282.2,1.56819,0.0,0.0,280.496
2009/07/10 10:00:00,0.0,355.2881506219347,0.002,102578.50000000001,0.0053340579058923756,281.48999999999995,1.502507,0.0,0.0,279.25199999999995
2009/07/10 11:00:00,0.0,345.99065402882087,0.001,102615.4,0.005055348344477184,279.825,1.458329,0.0,0.0,278.263
2009/07/10 12:00:00,0.0,340.9330187634637,8.69,102628.0,0.004714340139761221,278.98699999999997,2.057047,0.0,0.0,277.94
2009/07/10 13:00:00,0.0,359.08460843569196,149.3,102660.1,0.0047852569237330925,282.41999999999996,0.9066014,0.0,0.0,282.04999999999995
2009/07/10 14:00:00,0.0,396.40737107742183,329.2,102708.09999999999,0.005244120088107058,288.96,0.5495266,0.0,0.0,289.60999999999996
2009/07/10 15:00:00,0.0,417.0893426544393,504.4,102664.9,0.004857659370199157,292.64,0.6044818,0.0,0.0,297.40999999999997
2009/07/10 16:00:00,0.0,430.1084527005917,697.8,102707.5,0.003928022032720377,295.23999999999995,0.7217545,0.0,0.0,304.71
2009/07/10 17:00:00,0.0,440.739497371682,835.0,102673.49999999999,0.004480816401453007,296.67999999999995,1.393017,0.0,0.0,310.84999999999997
2009/07/10 18:00:00,0.0,447.78837867128425,936.0,102693.0,0.0024220072137063936,299.21,2.867437,0.0,0.0,315.16999999999996
2009/07/10 19:00:00,0.0,458.24397306616083,985.0,102693.3,0.0028509239059627085,300.46,4.659136,0.0,0.0,316.22999999999996
2009/07/10 20:00:00,0.0,459.92846944202853,893.0,102644.4,0.002879202851837064,300.7,5.101813,0.0,0.0,314.40999999999997
2009/07/10 21:00:00,0.0,453.86840552434825,395.7,102733.99999999999,0.003219533082295558,299.48999999999995,4.070835,0.0,0.0,304.63
2009/07/10 22:00:00,0.0,455.46079342538724,370.4,102714.00000000001,0.004680306428731307,298.91999999999996,3.059193,0.0,0.0,303.14
2009/07/10 23:00:00,0.0,452.9451179440325,408.8,102689.7,0.007010190887136261,297.72999999999996,2.897577,0.0,0.0,302.63
2009/07/11 00:00:00,0.0,455.33717725022757,392.9,102730.2,0.007218835421870352,298.04999999999995,2.305042,0.0,0.0,302.87
2009/07/11 01:00:00,0.0,451.9342096027905,217.8,102741.3,0.008805701147533497,297.15999999999997,1.767577,0.0,0.0,298.82
2009/07/11 02:00:00,0.0,428.92647539753204,52.62,102780.40000000001,0.008741914249151739,293.47999999999996,3.809554,0.0,0.0,293.28999999999996
2009/07/11 03:00:00,0.0,416.6300551527719,1.213,102791.59999999999,0.008571390591825555,291.47999999999996,2.871169,0.0,0.0,290.42999999999995
2009/07/11 04:00:00,0.0,412.41738927872865,0.0,102796.2,0.009251232817973023,290.64,3.858995,0.0,0.0,289.26
2009/07/11 05:00:00,0.0,411.2835439083799,0.002,102792.90000000001,0.009574535021412334,290.39,4.678051,0.0,0.0,288.89
2009/07/11 06:00:00,0.0,404.49282321874756,0.008,102809.20000000001,0.009221457107232474,289.29999999999995,4.655683,0.0,0.0,288.22999999999996
2009/07/11 07:00:00,0.0,402.5466702847069,0.007,102760.5,0.009315307259746757,288.95,4.017876,0.0,0.0,287.63
2009/07/11 08:00:00,0.0,400.5463060159382,0.023,102768.59999999999,0.009457248823661281,288.58,3.822144,0.0,0.0,287.09999999999997
2009/07/11 09:00:00,0.0,398.4705066617684,0.023,102826.29999999999,0.009351499028445917,288.23999999999995,2.352563,0.0,0.0,286.21999999999997
2009/07/11 10:00:00,0.0,384.9027495257013,0.096,102810.6,0.00816747416617406,286.09999999999997,1.477605,0.0,0.0,283.77
2009/07/11 11:00:00,0.0,389.90852617590514,0.006,102828.50000000001,0.008761517684510079,286.85999999999996,3.753564,0.0,0.0,285.45
2009/07/11 12:00:00,0.0,385.8553128938827,7.746,102916.2,0.0083871265062525,286.21999999999997,2.890028,0.0,0.0,284.75
2009/07/11 13:00:00,0.0,392.070152816923,119.8,102956.8,0.008404816664239418,287.31,2.275446,0.0,0.0,286.10999999999996
2009/07/11 14:00:00,0.0,406.54864571250596,330.6,102968.80000000002,0.00545700253867196,290.62,1.847771,0.0,0.0,291.57
2009/07/11 15:00:00,0.0,427.6327861886752,513.0,103000.70000000001,0.00467165825546731,294.46,0.9879107,0.0,0.0,299.88
2009/07/11 16:00:00,0.0,443.84061554315963,684.2,103030.8,0.0038404851699193965,297.5,1.030724,0.0,0.0,307.13
2009/07/11 17:00:00,0.0,452.65058595631035,813.0,102976.29999999999,0.003681811707003667,298.98999999999995,1.197325,0.0,0.0,312.35999999999996
2009/07/11 18:00:00,0.0,459.43621175058695,900.0,102932.8,0.0035085048789373903,300.15999999999997,1.119861,0.0,0.0,316.16999999999996
2009/07/11 19:00:00,0.0,463.4837008664092,974.0,102871.2,0.0030898104643753027,301.08,1.956491,0.0,0.0,318.53
2009/07/11 20:00:00,0.0,471.5815646244945,1041.0,102854.2,0.0027613745085445806,302.59,2.704179,0.0,0.0,320.96
2009/07/11 21:00:00,0.0,469.0119471818674,471.3,102817.7,0.0036855309904777213,301.53,4.260808,0.0,0.0,310.2
2009/07/11 22:00:00,0.0,469.362002287393,205.3,102822.2,0.005638205258825639,300.69,2.07039,0.0,0.0,304.03999999999996
2009/07/11 23:00:00,0.0,457.12295664045615,251.5,102828.09999999999,0.005991803922019361,298.67999999999995,3.529665,0.0,0.0,302.21999999999997
2009/07/12 00:00:00,0.0,451.04170200535486,159.0,102830.2,0.003817167696445303,298.65999999999997,2.881531,0.0,0.0,300.37
2009/07/12 01:00:00,0.0,444.2529938685183,40.82,102893.5,0.0070897132650102005,296.33,5.042121,0.0,0.0,296.46999999999997
2009/07/12 02:00:00,0.0,414.3261850907978,30.65,102949.29999999999,0.007258891042437682,291.39,7.620614,0.0,0.0,292.16999999999996
2009/07/12 03:00:00,0.0,400.94503378662876,0.995,102861.1,0.007284538952754418,289.10999999999996,7.292816,0.0,0.0,288.85999999999996
2009/07/12 04:00:00,0.0,402.6988758896365,0.0,102963.4,0.00675401928440364,289.54999999999995,4.780613,0.0,0.0,289.47999999999996
2009/07/12 05:00:00,0.0,403.35567039212424,0.006,102963.00000000001,0.006656407623471599,289.69,1.725014,0.0,0.0,288.96
2009/07/12 06:00:00,0.0,402.66040512243694,0.009,102995.8,0.0064832384898199395,289.62,0.4459053,0.0,0.0,286.67999999999995
2009/07/12 07:00:00,0.0,390.22522781130755,0.055,102987.40000000001,0.006914847468486315,287.34,1.147856,0.0,0.0,284.94
2009/07/12 08:00:00,0.0,386.0520919001102,0.063,102949.29999999999,0.0068579087559705095,286.62,1.373872,0.0,0.0,284.16999999999996
2009/07/12 09:00:00,0.0,381.0352531709054,0.049,102945.4,0.006225510057214585,285.90999999999997,1.572034,0.0,0.0,283.45
2009/07/12 10:00:00,0.0,384.3396247637514,0.024,102929.2,0.006095424457706813,286.53999999999996,1.504931,0.0,0.0,283.59
2009/07/12 11:00:00,0.0,381.5094032860459,0.029,102851.6,0.006214204163718528,286.0,1.446351,0.0,0.0,282.53
2009/07/12 12:00:00,0.0,381.03141236737343,7.64,102901.50000000001,0.006632233263591279,285.78999999999996,1.391643,0.0,0.0,282.14
2009/07/12 13:00:00,0.0,382.689657114832,153.4,102942.5,0.006409387107754793,286.15,1.777493,0.0,0.0,286.28
2009/07/12 14:00:00,0.0,415.03128154241426,284.4,102970.0,0.006907180732608102,291.59999999999997,0.8382728,0.0,0.0,293.87
2009/07/12 15:00:00,0.0,412.5109742298721,223.7,102967.0,0.007081515594327071,291.13,2.166825,0.0,0.0,293.90999999999997
2009/07/12 16:00:00,0.0,427.2902336970298,346.1,102977.29999999999,0.006259569398926601,293.82,3.032674,0.0,0.0,298.32
2009/07/12 17:00:00,0.0,438.9905993629922,597.5,102970.0,0.005482641550208722,295.97999999999996,3.181816,0.0,0.0,304.47999999999996
2009/07/12 18:00:00,0.0,453.10850521584484,837.0,102981.5,0.005866267940030322,298.09,1.814847,0.0,0.0,312.91999999999996
2009/07/12 19:00:00,0.0,456.61342371225635,832.0,102955.0,0.005354970530591954,298.82,1.876369,0.0,0.0,316.10999999999996
2009/07/12 20:00:00,0.0,450.0220687229988,163.2,102924.70000000001,0.0057922020965811205,297.63,1.846853,0.0,0.0,302.34999999999997
2009/07/12 21:00:00,0.0,428.4997418714128,135.7,102860.7,0.007149747997104727,293.77,2.581114,0.0,0.0,295.81
2009/07/12 22:00:00,0.0,443.1357940506963,714.6,102874.8,0.007332544383502361,296.09,1.998886,0.0,0.0,305.69
2009/07/12 23:00:00,0.0,441.1050592923945,267.3,102849.4,0.007435767445806159,295.73999999999995,3.888495,0.0,0.0,300.82
2009/07/13 00:00:00,0.0,427.6672513300273,101.6,102843.1,0.008318070756428009,293.35999999999996,6.226797,0.0,0.0,294.42999999999995
2009/07/13 01:00:00,0.508,418.8352661746015,45.89,102809.7,0.008560637459510427,291.84999999999997,2.98757,0.0,0.0,291.81
2009/07/13 02:00:00,0.0,416.18567690856275,224.1,102778.9,0.008173188770006919,291.48999999999995,4.05688,0.0,0.0,290.85999999999996
2009/07/13 03:00:00,0.0,404.34189074447784,2.295,102796.70000000001,0.008292255785019426,289.46,4.475906,0.0,0.0,287.48999999999995
2009/07/13 04:00:00,0.0,398.70017292200197,0.036,102801.0,0.008107161796964229,288.53,4.39532,0.0,0.0,287.14
2009/07/13 05:00:00,0.0,397.21842403700805,0.016,102736.1,0.007731064747539928,288.35999999999996,5.047854,0.0,0.0,286.35999999999996
2009/07/13 06:00:00,0.0,397.213429641265,0.058,102744.3,0.007558291481439289,288.4,3.12053,0.0,0.0,285.88
2009/07/13 07:00:00,0.0,392.55219000887524,0.037,102724.4,0.007511783854934289,287.59999999999997,2.920641,0.0,0.0,285.44
2009/07/13 08:00:00,0.0,388.6583883052454,0.05,102753.40000000001,0.007920837537261239,286.82,3.751198,0.0,0.0,284.84
2009/07/13 09:00:00,0.0,385.6736593404776,0.055,102680.8,0.0076780760370994605,286.34999999999997,3.455125,0.0,0.0,284.65999999999997
2009/07/13 10:00:00,0.0,383.82376716886546,0.026,102651.2,0.007356711880731961,286.09999999999997,2.671644,0.0,0.0,283.96
2009/07/13 11:00:00,0.0,374.4469758889343,0.041,102612.9,0.006958492617912165,284.52,1.667075,0.0,0.0,282.32
2009/07/13 12:00:00,0.0,371.0672930927636,10.45,102690.4,0.006789076160831515,283.95,1.801336,0.0,0.0,282.53
2009/07/13 13:00:00,0.0,397.7362661995547,198.8,102719.8,0.005892026522025976,288.96,2.396405,0.0,0.0,288.71
2009/07/13 14:00:00,0.0,416.620716260019,327.6,102662.3,0.006521353631874387,291.97999999999996,7.925235,0.0,0.0,292.31
2009/07/13 15:00:00,0.0,412.04767572617055,149.2,102580.9,0.005887969595721462,291.40999999999997,2.507186,0.0,0.0,291.42999999999995
2009/07/13 16:00:00,0.0,431.7544618837966,497.3,102603.29999999999,0.004860188762396334,295.06,5.035572,0.0,0.0,300.06
2009/07/13 17:00:00,0.0,450.9982914879586,822.0,102568.5,0.005399639873225181,297.92999999999995,5.307465,0.0,0.0,310.26
2009/07/13 18:00:00,0.0,461.9710020281485,912.0,102531.09999999999,0.0056622017362400355,299.54999999999995,5.402423,0.0,0.0,314.84999999999997
2009/07/13 19:00:00,0.0,465.90126527654166,946.0,102474.2,0.004781697170154659,300.5,5.500362,0.0,0.0,317.27
2009/07/13 20:00:00,0.0,463.2846550669734,605.0,102377.20000000001,0.0047327455634641365,300.12,4.904457,0.0,0.0,309.17999999999995
2009/07/13 21:00:00,0.0,447.3639683718098,135.4,102414.00000000001,0.004359506814937619,297.79999999999995,4.379082,0.0,0.0,300.2
2009/07/13 22:00:00,0.0,458.4126994747051,495.6,102294.2,0.0056972659090365856,298.98999999999995,2.167354,0.0,0.0,306.03999999999996
2009/07/13 23:00:00,0.0,451.05080098783225,219.2,102375.2,0.005486891532601386,297.90999999999997,5.904849,0.0,0.0,300.33
2009/07/14 00:00:00,0.0,427.31682996616826,44.07,102502.50000000001,0.004804835119267422,294.35999999999996,6.853007,0.0,0.0,294.58
2009/07/14 01:00:00,0.0,430.49197815200915,248.7,102264.8,0.0063493549707009074,294.33,2.813726,0.0,0.0,293.65999999999997
2009/07/14 02:00:00,0.0,423.54110243598103,102.3,102264.9,0.006311950737382987,293.2,2.446908,0.0,0.0,290.85999999999996
2009/07/14 03:00:00,0.0,400.8324616612333,1.248,102245.7,0.006184157931984288,289.40999999999997,1.732423,0.0,0.0,286.82
2009/07/14 04:00:00,0.0,405.1342495612985,0.047,102379.1,0.005919326663353047,290.22999999999996,1.968607,0.0,0.0,287.64
2009/07/14 05:00:00,0.0,399.79767984897444,0.055,102362.8,0.006312601948242541,289.19,1.946435,0.0,0.0,285.71
2009/07/14 06:00:00,0.0,398.26182263422385,0.017,102395.4,0.006068097992419364,289.0,4.502173,0.0,0.0,288.15999999999997
2009/07/14 07:00:00,0.0,387.2297668809674,0.054,102480.6,0.004933025504365391,287.47999999999996,5.101671,0.0,0.0,286.65
2009/07/14 08:00:00,0.0,383.905546726797,0.112,102399.59999999999,0.005857234615788467,286.54999999999995,4.781282,0.0,0.0,284.90999999999997
2009/07/14 09:00:00,0.0,374.47726111670625,0.065,102407.3,0.005878257858215648,284.84999999999997,4.695795,0.0,0.0,284.19
2009/07/14 10:00:00,0.0,366.70314522590405,0.075,102396.3,0.005848171355923178,283.44,2.444596,0.0,0.0,281.59999999999997
2009/07/14 11:00:00,0.0,361.0504055994275,0.007,102385.1,0.005238453378335658,282.60999999999996,4.067912,0.0,0.0,281.013
2009/07/14 12:00:00,0.0,354.1106539792062,7.749,102439.59999999999,0.004532139012465547,281.59999999999997,2.529137,0.0,0.0,279.80199999999996
2009/07/14 13:00:00,0.0,371.05289083697755,138.8,102463.59999999999,0.004214765795589322,284.9,1.477019,0.0,0.0,283.34999999999997
2009/07/14 14:00:00,0.0,389.8643756284634,316.2,102428.50000000001,0.0039162412651311766,288.42999999999995,3.443715,0.0,0.0,289.71
2009/07/14 15:00:00,0.0,401.962500518401,500.9,102427.29999999999,0.003835488897071266,290.58,5.584208,0.0,0.0,296.32
2009/07/14 16:00:00,0.0,409.891028927225,678.4,102427.09999999999,0.00354046160129775,292.10999999999996,7.298105,0.0,0.0,301.7
2009/07/14 17:00:00,0.0,418.29343745186316,822.0,102469.3,0.003776122254636071,293.38,5.578805,0.0,0.0,308.07
2009/07/14 18:00:00,0.0,425.5412834438999,915.0,102480.40000000001,0.0037618184885712057,294.59,4.751728,0.0,0.0,312.69
2009/07/14 19:00:00,0.0,433.48752140924944,960.0,102464.20000000001,0.003745558432381868,295.9,4.550362,0.0,0.0,315.32
