date,RAINRATE,Q2D,T2D,LWDOWN,SWDOWN,PSFC,U2D,V2D,area_sqkm,lat,lon
12/1/2015 0:00,0,0.0105,287.5,361.2000122,0,100530,-2.600000143,0,15.617,35.287,-80.85
12/1/2015 1:00,0,0.0098,287.3000183,361.2000122,0,100610,-2.700000048,-0.300000012,15.617,35.287,-80.85
12/1/2015 2:00,0,0.009099999,286.6000061,361.2000122,0,100600,-2.799999952,-0.600000024,15.617,35.287,-80.85
12/1/2015 3:00,0,0.0087,285.5,357.6000061,0,100570,-2.900000095,-0.900000036,15.617,35.287,-80.85
12/1/2015 4:00,0,0.0084,284.3000183,357.6000061,0,100590,-2.600000143,-0.300000012,15.617,35.287,-80.85
12/1/2015 5:00,0,0.007999999,283.8999939,357.6000061,0,100540,-2.299999952,0.400000006,15.617,35.287,-80.85
12/1/2015 6:00,0,0.0077,283.6000061,344.1000061,0,100510,-2,1,15.617,35.287,-80.85
12/1/2015 7:00,0,0.0074,283.2000122,344.1000061,0,100490,-2.100000143,0.699999988,15.617,35.287,-80.85
12/1/2015 8:00,0,0.0072,282.8999939,344.1000061,0,100550,-2.200000048,0.5,15.617,35.287,-80.85
12/1/2015 9:00,0,0.007,282.5,335,0,100460,-2.299999952,0.200000003,15.617,35.287,-80.85
12/1/2015 10:00,0,0.007,282.3000183,335,0,100470,-2.400000095,0.600000024,15.617,35.287,-80.85
12/1/2015 11:00,0,0.0071,282.3000183,335,0,100480,-2.400000095,0.900000036,15.617,35.287,-80.85
12/1/2015 12:00,0,0.007,282,350.3999939,0,100530,-2.400000095,1.300000072,15.617,35.287,-80.85
12/1/2015 13:00,0,0.007,281.8999939,350.3999939,85.09999847,100560,-2.600000143,1.200000048,15.617,35.287,-80.85
12/1/2015 14:00,0,0.0069,282.5,350.3000183,195.4000092,100610,-2.700000048,1.100000024,15.617,35.287,-80.85
12/1/2015 15:00,0,0.007,282.3999939,397,220,100600,-2.900000095,1,15.617,35.287,-80.85
12/1/2015 16:00,0,0.0072,282.8000183,397,264.7000122,100520,-2.200000048,1.700000048,15.617,35.287,-80.85
12/1/2015 17:00,0,0.0075,283.1000061,397,276.5,100510,-1.5,2.299999952,15.617,35.287,-80.85
12/1/2015 18:00,0,0.0077,283.5,385.3999939,395.2000122,100400,-0.800000012,3,15.617,35.287,-80.85
12/1/2015 19:00,0,0.0081,284.3999939,385.3999939,345.6000061,100340,-0.800000012,2.900000095,15.617,35.287,-80.85
12/1/2015 20:00,0,0.0082,284.7000122,385.3999939,268.2000122,100310,-0.900000036,2.799999952,15.617,35.287,-80.85
12/1/2015 21:00,0,0.0082,284.3999939,394.3000183,120.5999985,100160,-0.900000036,2.700000048,15.617,35.287,-80.85
12/1/2015 22:00,0,0.0084,285.1000061,394.3000183,21,100200,-1.300000072,2.299999952,15.617,35.287,-80.85
12/1/2015 23:00,0,0.008599999,285.1000061,394.3000183,0,100240,-1.700000048,1.800000072,15.617,35.287,-80.85
12/2/2015 0:00,0,0.008599999,285.2000122,383.3000183,0,100190,-2.100000143,1.399999976,15.617,35.287,-80.85
12/2/2015 1:00,0,0.0105,287.5,361.2000122,0,100530,-2.600000143,0,15.617,35.287,-80.85
12/2/2015 2:00,0,0.0098,287.3000183,361.2000122,0,100610,-2.700000048,-0.300000012,15.617,35.287,-80.85
12/2/2015 3:00,0,0.009099999,286.6000061,361.2000122,0,100600,-2.799999952,-0.600000024,15.617,35.287,-80.85
12/2/2015 4:00,0,0.0087,285.5,357.6000061,0,100570,-2.900000095,-0.900000036,15.617,35.287,-80.85
12/2/2015 5:00,0,0.0084,284.3000183,357.6000061,0,100590,-2.600000143,-0.300000012,15.617,35.287,-80.85
12/2/2015 6:00,0,0.007999999,283.8999939,357.6000061,0,100540,-2.299999952,0.400000006,15.617,35.287,-80.85
12/2/2015 7:00,0,0.0077,283.6000061,344.1000061,0,100510,-2,1,15.617,35.287,-80.85
12/2/2015 8:00,0,0.0074,283.2000122,344.1000061,0,100490,-2.100000143,0.699999988,15.617,35.287,-80.85
12/2/2015 9:00,0,0.0072,282.8999939,344.1000061,0,100550,-2.200000048,0.5,15.617,35.287,-80.85
12/2/2015 10:00,0,0.007,282.5,335,0,100460,-2.299999952,0.200000003,15.617,35.287,-80.85
12/2/2015 11:00,0,0.007,282.3000183,335,0,100470,-2.400000095,0.600000024,15.617,35.287,-80.85
12/2/2015 12:00,0,0.0071,282.3000183,335,0,100480,-2.400000095,0.900000036,15.617,35.287,-80.85
12/2/2015 13:00,0,0.007,282,350.3999939,0,100530,-2.400000095,1.300000072,15.617,35.287,-80.85
12/2/2015 14:00,0,0.007,281.8999939,350.3999939,85.09999847,100560,-2.600000143,1.200000048,15.617,35.287,-80.85
12/2/2015 15:00,0,0.0069,282.5,350.3000183,195.4000092,100610,-2.700000048,1.100000024,15.617,35.287,-80.85
12/2/2015 16:00,0,0.007,282.3999939,397,220,100600,-2.900000095,1,15.617,35.287,-80.85
12/2/2015 17:00,0,0.0072,282.8000183,397,264.7000122,100520,-2.200000048,1.700000048,15.617,35.287,-80.85
12/2/2015 18:00,0,0.0075,283.1000061,397,276.5,100510,-1.5,2.299999952,15.617,35.287,-80.85
12/2/2015 19:00,0,0.0077,283.5,385.3999939,395.2000122,100400,-0.800000012,3,15.617,35.287,-80.85
12/2/2015 20:00,0,0.0081,284.3999939,385.3999939,345.6000061,100340,-0.800000012,2.900000095,15.617,35.287,-80.85
12/2/2015 21:00,0,0.0082,284.7000122,385.3999939,268.2000122,100310,-0.900000036,2.799999952,15.617,35.287,-80.85
12/2/2015 22:00,0,0.0082,284.3999939,394.3000183,120.5999985,100160,-0.900000036,2.700000048,15.617,35.287,-80.85
12/2/2015 23:00,0,0.0084,285.1000061,394.3000183,21,100200,-1.300000072,2.299999952,15.617,35.287,-80.85
12/3/2015 0:00,0,0.008599999,285.1000061,394.3000183,0,100240,-1.700000048,1.800000072,15.617,35.287,-80.85
12/3/2015 1:00,0,0.008599999,285.2000122,383.3000183,0,100190,-2.100000143,1.399999976,15.617,35.287,-80.85
12/3/2015 2:00,0,0.0105,287.5,361.2000122,0,100530,-2.600000143,0,15.617,35.287,-80.85
12/3/2015 3:00,0,0.0098,287.3000183,361.2000122,0,100610,-2.700000048,-0.300000012,15.617,35.287,-80.85
12/3/2015 4:00,0,0.009099999,286.6000061,361.2000122,0,100600,-2.799999952,-0.600000024,15.617,35.287,-80.85
12/3/2015 5:00,0,0.0087,285.5,357.6000061,0,100570,-2.900000095,-0.900000036,15.617,35.287,-80.85
12/3/2015 6:00,0,0.0084,284.3000183,357.6000061,0,100590,-2.600000143,-0.300000012,15.617,35.287,-80.85
12/3/2015 7:00,0,0.007999999,283.8999939,357.6000061,0,100540,-2.299999952,0.400000006,15.617,35.287,-80.85
12/3/2015 8:00,0,0.0077,283.6000061,344.1000061,0,100510,-2,1,15.617,35.287,-80.85
12/3/2015 9:00,0,0.0074,283.2000122,344.1000061,0,100490,-2.100000143,0.699999988,15.617,35.287,-80.85
12/3/2015 10:00,0,0.0072,282.8999939,344.1000061,0,100550,-2.200000048,0.5,15.617,35.287,-80.85
12/3/2015 11:00,0,0.007,282.5,335,0,100460,-2.299999952,0.200000003,15.617,35.287,-80.85
12/3/2015 12:00,0,0.007,282.3000183,335,0,100470,-2.400000095,0.600000024,15.617,35.287,-80.85
12/3/2015 13:00,0,0.0071,282.3000183,335,0,100480,-2.400000095,0.900000036,15.617,35.287,-80.85
12/3/2015 14:00,0,0.007,282,350.3999939,0,100530,-2.400000095,1.300000072,15.617,35.287,-80.85
12/3/2015 15:00,0,0.007,281.8999939,350.3999939,85.09999847,100560,-2.600000143,1.200000048,15.617,35.287,-80.85
12/3/2015 16:00,0,0.0069,282.5,350.3000183,195.4000092,100610,-2.700000048,1.100000024,15.617,35.287,-80.85
12/3/2015 17:00,0,0.007,282.3999939,397,220,100600,-2.900000095,1,15.617,35.287,-80.85
12/3/2015 18:00,0,0.0072,282.8000183,397,264.7000122,100520,-2.200000048,1.700000048,15.617,35.287,-80.85
12/3/2015 19:00,0,0.0075,283.1000061,397,276.5,100510,-1.5,2.299999952,15.617,35.287,-80.85
12/3/2015 20:00,0,0.0077,283.5,385.3999939,395.2000122,100400,-0.800000012,3,15.617,35.287,-80.85
12/3/2015 21:00,0,0.0081,284.3999939,385.3999939,345.6000061,100340,-0.800000012,2.900000095,15.617,35.287,-80.85
12/3/2015 22:00,0,0.0082,284.7000122,385.3999939,268.2000122,100310,-0.900000036,2.799999952,15.617,35.287,-80.85
12/3/2015 23:00,0,0.0082,284.3999939,394.3000183,120.5999985,100160,-0.900000036,2.700000048,15.617,35.287,-80.85
12/4/2015 0:00,0,0.0084,285.1000061,394.3000183,21,100200,-1.300000072,2.299999952,15.617,35.287,-80.85
12/4/2015 1:00,0,0.008599999,285.1000061,394.3000183,0,100240,-1.700000048,1.800000072,15.617,35.287,-80.85
12/4/2015 2:00,0,0.008599999,285.2000122,383.3000183,0,100190,-2.100000143,1.399999976,15.617,35.287,-80.85
12/4/2015 3:00,0,0.0105,287.5,361.2000122,0,100530,-2.600000143,0,15.617,35.287,-80.85
12/4/2015 4:00,0,0.0098,287.3000183,361.2000122,0,100610,-2.700000048,-0.300000012,15.617,35.287,-80.85
12/4/2015 5:00,0,0.009099999,286.6000061,361.2000122,0,100600,-2.799999952,-0.600000024,15.617,35.287,-80.85
12/4/2015 6:00,0,0.0087,285.5,357.6000061,0,100570,-2.900000095,-0.900000036,15.617,35.287,-80.85
12/4/2015 7:00,0,0.0084,284.3000183,357.6000061,0,100590,-2.600000143,-0.300000012,15.617,35.287,-80.85
12/4/2015 8:00,0,0.007999999,283.8999939,357.6000061,0,100540,-2.299999952,0.400000006,15.617,35.287,-80.85
12/4/2015 9:00,0,0.0077,283.6000061,344.1000061,0,100510,-2,1,15.617,35.287,-80.85
12/4/2015 10:00,0,0.0074,283.2000122,344.1000061,0,100490,-2.100000143,0.699999988,15.617,35.287,-80.85
12/4/2015 11:00,0,0.0072,282.8999939,344.1000061,0,100550,-2.200000048,0.5,15.617,35.287,-80.85
12/4/2015 12:00,0,0.007,282.5,335,0,100460,-2.299999952,0.200000003,15.617,35.287,-80.85
12/4/2015 13:00,0,0.007,282.3000183,335,0,100470,-2.400000095,0.600000024,15.617,35.287,-80.85
12/4/2015 14:00,0,0.0071,282.3000183,335,0,100480,-2.400000095,0.900000036,15.617,35.287,-80.85
12/4/2015 15:00,0,0.007,282,350.3999939,0,100530,-2.400000095,1.300000072,15.617,35.287,-80.85
12/4/2015 16:00,0,0.007,281.8999939,350.3999939,85.09999847,100560,-2.600000143,1.200000048,15.617,35.287,-80.85
12/4/2015 17:00,0,0.0069,282.5,350.3000183,195.4000092,100610,-2.700000048,1.100000024,15.617,35.287,-80.85
12/4/2015 18:00,0,0.007,282.3999939,397,220,100600,-2.900000095,1,15.617,35.287,-80.85
12/4/2015 19:00,0,0.0072,282.8000183,397,264.7000122,100520,-2.200000048,1.700000048,15.617,35.287,-80.85
12/4/2015 20:00,0,0.0075,283.1000061,397,276.5,100510,-1.5,2.299999952,15.617,35.287,-80.85
12/4/2015 21:00,0,0.0077,283.5,385.3999939,395.2000122,100400,-0.800000012,3,15.617,35.287,-80.85
12/4/2015 22:00,0,0.0081,284.3999939,385.3999939,345.6000061,100340,-0.800000012,2.900000095,15.617,35.287,-80.85
12/4/2015 23:00,0,0.0082,284.7000122,385.3999939,268.2000122,100310,-0.900000036,2.799999952,15.617,35.287,-80.85
12/5/2015 0:00,0,0.0082,284.3999939,394.3000183,120.5999985,100160,-0.900000036,2.700000048,15.617,35.287,-80.85
12/5/2015 1:00,0,0.0084,285.1000061,394.3000183,21,100200,-1.300000072,2.299999952,15.617,35.287,-80.85
12/5/2015 2:00,0,0.008599999,285.1000061,394.3000183,0,100240,-1.700000048,1.800000072,15.617,35.287,-80.85
12/5/2015 3:00,0,0.008599999,285.2000122,383.3000183,0,100190,-2.100000143,1.399999976,15.617,35.287,-80.85
12/5/2015 4:00,0,0.0105,287.5,361.2000122,0,100530,-2.600000143,0,15.617,35.287,-80.85
12/5/2015 5:00,0,0.0098,287.3000183,361.2000122,0,100610,-2.700000048,-0.300000012,15.617,35.287,-80.85
12/5/2015 6:00,0,0.009099999,286.6000061,361.2000122,0,100600,-2.799999952,-0.600000024,15.617,35.287,-80.85
12/5/2015 7:00,0,0.0087,285.5,357.6000061,0,100570,-2.900000095,-0.900000036,15.617,35.287,-80.85
12/5/2015 8:00,0,0.0084,284.3000183,357.6000061,0,100590,-2.600000143,-0.300000012,15.617,35.287,-80.85
12/5/2015 9:00,0,0.007999999,283.8999939,357.6000061,0,100540,-2.299999952,0.400000006,15.617,35.287,-80.85
12/5/2015 10:00,0,0.0077,283.6000061,344.1000061,0,100510,-2,1,15.617,35.287,-80.85
12/5/2015 11:00,0,0.0074,283.2000122,344.1000061,0,100490,-2.100000143,0.699999988,15.617,35.287,-80.85
12/5/2015 12:00,0,0.0072,282.8999939,344.1000061,0,100550,-2.200000048,0.5,15.617,35.287,-80.85
12/5/2015 13:00,0,0.007,282.5,335,0,100460,-2.299999952,0.200000003,15.617,35.287,-80.85
12/5/2015 14:00,0,0.007,282.3000183,335,0,100470,-2.400000095,0.600000024,15.617,35.287,-80.85
12/5/2015 15:00,0,0.0071,282.3000183,335,0,100480,-2.400000095,0.900000036,15.617,35.287,-80.85
12/5/2015 16:00,0,0.007,282,350.3999939,0,100530,-2.400000095,1.300000072,15.617,35.287,-80.85
12/5/2015 17:00,0,0.007,281.8999939,350.3999939,85.09999847,100560,-2.600000143,1.200000048,15.617,35.287,-80.85
12/5/2015 18:00,0,0.0069,282.5,350.3000183,195.4000092,100610,-2.700000048,1.100000024,15.617,35.287,-80.85
12/5/2015 19:00,0,0.007,282.3999939,397,220,100600,-2.900000095,1,15.617,35.287,-80.85
12/5/2015 20:00,0,0.0072,282.8000183,397,264.7000122,100520,-2.200000048,1.700000048,15.617,35.287,-80.85
12/5/2015 21:00,0,0.0075,283.1000061,397,276.5,100510,-1.5,2.299999952,15.617,35.287,-80.85
12/5/2015 22:00,0,0.0077,283.5,385.3999939,395.2000122,100400,-0.800000012,3,15.617,35.287,-80.85
12/5/2015 23:00,0,0.0081,284.3999939,385.3999939,345.6000061,100340,-0.800000012,2.900000095,15.617,35.287,-80.85
12/6/2015 0:00,0,0.0082,284.7000122,385.3999939,268.2000122,100310,-0.900000036,2.799999952,15.617,35.287,-80.85
12/6/2015 1:00,0,0.0082,284.3999939,394.3000183,120.5999985,100160,-0.900000036,2.700000048,15.617,35.287,-80.85
12/6/2015 2:00,0,0.0084,285.1000061,394.3000183,21,100200,-1.300000072,2.299999952,15.617,35.287,-80.85
12/6/2015 3:00,0,0.008599999,285.1000061,394.3000183,0,100240,-1.700000048,1.800000072,15.617,35.287,-80.85
12/6/2015 4:00,0,0.008599999,285.2000122,383.3000183,0,100190,-2.100000143,1.399999976,15.617,35.287,-80.85
12/6/2015 5:00,0,0.0105,287.5,361.2000122,0,100530,-2.600000143,0,15.617,35.287,-80.85
12/6/2015 6:00,0,0.0098,287.3000183,361.2000122,0,100610,-2.700000048,-0.300000012,15.617,35.287,-80.85
12/6/2015 7:00,0,0.009099999,286.6000061,361.2000122,0,100600,-2.799999952,-0.600000024,15.617,35.287,-80.85
12/6/2015 8:00,0,0.0087,285.5,357.6000061,0,100570,-2.900000095,-0.900000036,15.617,35.287,-80.85
12/6/2015 9:00,0,0.0084,284.3000183,357.6000061,0,100590,-2.600000143,-0.300000012,15.617,35.287,-80.85
12/6/2015 10:00,0,0.007999999,283.8999939,357.6000061,0,100540,-2.299999952,0.400000006,15.617,35.287,-80.85
12/6/2015 11:00,0,0.0077,283.6000061,344.1000061,0,100510,-2,1,15.617,35.287,-80.85
12/6/2015 12:00,0,0.0074,283.2000122,344.1000061,0,100490,-2.100000143,0.699999988,15.617,35.287,-80.85
12/6/2015 13:00,0,0.0072,282.8999939,344.1000061,0,100550,-2.200000048,0.5,15.617,35.287,-80.85
12/6/2015 14:00,0,0.007,282.5,335,0,100460,-2.299999952,0.200000003,15.617,35.287,-80.85
12/6/2015 15:00,0,0.007,282.3000183,335,0,100470,-2.400000095,0.600000024,15.617,35.287,-80.85
12/6/2015 16:00,0,0.0071,282.3000183,335,0,100480,-2.400000095,0.900000036,15.617,35.287,-80.85
12/6/2015 17:00,0,0.007,282,350.3999939,0,100530,-2.400000095,1.300000072,15.617,35.287,-80.85
12/6/2015 18:00,0,0.007,281.8999939,350.3999939,85.09999847,100560,-2.600000143,1.200000048,15.617,35.287,-80.85
12/6/2015 19:00,0,0.0069,282.5,350.3000183,195.4000092,100610,-2.700000048,1.100000024,15.617,35.287,-80.85
12/6/2015 20:00,0,0.007,282.3999939,397,220,100600,-2.900000095,1,15.617,35.287,-80.85
12/6/2015 21:00,0,0.0072,282.8000183,397,264.7000122,100520,-2.200000048,1.700000048,15.617,35.287,-80.85
12/6/2015 22:00,0,0.0075,283.1000061,397,276.5,100510,-1.5,2.299999952,15.617,35.287,-80.85
12/6/2015 23:00,0,0.0077,283.5,385.3999939,395.2000122,100400,-0.800000012,3,15.617,35.287,-80.85
12/7/2015 0:00,0,0.0081,284.3999939,385.3999939,345.6000061,100340,-0.800000012,2.900000095,15.617,35.287,-80.85
12/7/2015 1:00,0,0.0082,284.7000122,385.3999939,268.2000122,100310,-0.900000036,2.799999952,15.617,35.287,-80.85
12/7/2015 2:00,0,0.0082,284.3999939,394.3000183,120.5999985,100160,-0.900000036,2.700000048,15.617,35.287,-80.85
12/7/2015 3:00,0,0.0084,285.1000061,394.3000183,21,100200,-1.300000072,2.299999952,15.617,35.287,-80.85
12/7/2015 4:00,0,0.008599999,285.1000061,394.3000183,0,100240,-1.700000048,1.800000072,15.617,35.287,-80.85
12/7/2015 5:00,0,0.008599999,285.2000122,383.3000183,0,100190,-2.100000143,1.399999976,15.617,35.287,-80.85
12/7/2015 6:00,0,0.0105,287.5,361.2000122,0,100530,-2.600000143,0,15.617,35.287,-80.85
12/7/2015 7:00,0,0.0098,287.3000183,361.2000122,0,100610,-2.700000048,-0.300000012,15.617,35.287,-80.85
12/7/2015 8:00,0,0.009099999,286.6000061,361.2000122,0,100600,-2.799999952,-0.600000024,15.617,35.287,-80.85
12/7/2015 9:00,0,0.0087,285.5,357.6000061,0,100570,-2.900000095,-0.900000036,15.617,35.287,-80.85
12/7/2015 10:00,0,0.0084,284.3000183,357.6000061,0,100590,-2.600000143,-0.300000012,15.617,35.287,-80.85
12/7/2015 11:00,0,0.007999999,283.8999939,357.6000061,0,100540,-2.299999952,0.400000006,15.617,35.287,-80.85
12/7/2015 12:00,0,0.0077,283.6000061,344.1000061,0,100510,-2,1,15.617,35.287,-80.85
12/7/2015 13:00,0,0.0074,283.2000122,344.1000061,0,100490,-2.100000143,0.699999988,15.617,35.287,-80.85
12/7/2015 14:00,0,0.0072,282.8999939,344.1000061,0,100550,-2.200000048,0.5,15.617,35.287,-80.85
12/7/2015 15:00,0,0.007,282.5,335,0,100460,-2.299999952,0.200000003,15.617,35.287,-80.85
12/7/2015 16:00,0,0.007,282.3000183,335,0,100470,-2.400000095,0.600000024,15.617,35.287,-80.85
12/7/2015 17:00,0,0.0071,282.3000183,335,0,100480,-2.400000095,0.900000036,15.617,35.287,-80.85
12/7/2015 18:00,0,0.007,282,350.3999939,0,100530,-2.400000095,1.300000072,15.617,35.287,-80.85
12/7/2015 19:00,0,0.007,281.8999939,350.3999939,85.09999847,100560,-2.600000143,1.200000048,15.617,35.287,-80.85
12/7/2015 20:00,0,0.0069,282.5,350.3000183,195.4000092,100610,-2.700000048,1.100000024,15.617,35.287,-80.85
12/7/2015 21:00,0,0.007,282.3999939,397,220,100600,-2.900000095,1,15.617,35.287,-80.85
12/7/2015 22:00,0,0.0072,282.8000183,397,264.7000122,100520,-2.200000048,1.700000048,15.617,35.287,-80.85
12/7/2015 23:00,0,0.0075,283.1000061,397,276.5,100510,-1.5,2.299999952,15.617,35.287,-80.85
12/8/2015 0:00,0,0.0077,283.5,385.3999939,395.2000122,100400,-0.800000012,3,15.617,35.287,-80.85
12/8/2015 1:00,0,0.0081,284.3999939,385.3999939,345.6000061,100340,-0.800000012,2.900000095,15.617,35.287,-80.85
12/8/2015 2:00,0,0.0082,284.7000122,385.3999939,268.2000122,100310,-0.900000036,2.799999952,15.617,35.287,-80.85
12/8/2015 3:00,0,0.0082,284.3999939,394.3000183,120.5999985,100160,-0.900000036,2.700000048,15.617,35.287,-80.85
12/8/2015 4:00,0,0.0084,285.1000061,394.3000183,21,100200,-1.300000072,2.299999952,15.617,35.287,-80.85
12/8/2015 5:00,0,0.008599999,285.1000061,394.3000183,0,100240,-1.700000048,1.800000072,15.617,35.287,-80.85
12/8/2015 6:00,0,0.008599999,285.2000122,383.3000183,0,100190,-2.100000143,1.399999976,15.617,35.287,-80.85
12/8/2015 7:00,0,0.0105,287.5,361.2000122,0,100530,-2.600000143,0,15.617,35.287,-80.85
12/8/2015 8:00,0,0.0098,287.3000183,361.2000122,0,100610,-2.700000048,-0.300000012,15.617,35.287,-80.85
12/8/2015 9:00,0,0.009099999,286.6000061,361.2000122,0,100600,-2.799999952,-0.600000024,15.617,35.287,-80.85
12/8/2015 10:00,0,0.0087,285.5,357.6000061,0,100570,-2.900000095,-0.900000036,15.617,35.287,-80.85
12/8/2015 11:00,0,0.0084,284.3000183,357.6000061,0,100590,-2.600000143,-0.300000012,15.617,35.287,-80.85
12/8/2015 12:00,0,0.007999999,283.8999939,357.6000061,0,100540,-2.299999952,0.400000006,15.617,35.287,-80.85
12/8/2015 13:00,0,0.0077,283.6000061,344.1000061,0,100510,-2,1,15.617,35.287,-80.85
12/8/2015 14:00,0,0.0074,283.2000122,344.1000061,0,100490,-2.100000143,0.699999988,15.617,35.287,-80.85
12/8/2015 15:00,0,0.0072,282.8999939,344.1000061,0,100550,-2.200000048,0.5,15.617,35.287,-80.85
12/8/2015 16:00,0,0.007,282.5,335,0,100460,-2.299999952,0.200000003,15.617,35.287,-80.85
12/8/2015 17:00,0,0.007,282.3000183,335,0,100470,-2.400000095,0.600000024,15.617,35.287,-80.85
12/8/2015 18:00,0,0.0071,282.3000183,335,0,100480,-2.400000095,0.900000036,15.617,35.287,-80.85
12/8/2015 19:00,0,0.007,282,350.3999939,0,100530,-2.400000095,1.300000072,15.617,35.287,-80.85
12/8/2015 20:00,0,0.007,281.8999939,350.3999939,85.09999847,100560,-2.600000143,1.200000048,15.617,35.287,-80.85
12/8/2015 21:00,0,0.0069,282.5,350.3000183,195.4000092,100610,-2.700000048,1.100000024,15.617,35.287,-80.85
12/8/2015 22:00,0,0.007,282.3999939,397,220,100600,-2.900000095,1,15.617,35.287,-80.85
12/8/2015 23:00,0,0.0072,282.8000183,397,264.7000122,100520,-2.200000048,1.700000048,15.617,35.287,-80.85
12/9/2015 0:00,0,0.0075,283.1000061,397,276.5,100510,-1.5,2.299999952,15.617,35.287,-80.85
12/9/2015 1:00,0,0.0077,283.5,385.3999939,395.2000122,100400,-0.800000012,3,15.617,35.287,-80.85
12/9/2015 2:00,0,0.0081,284.3999939,385.3999939,345.6000061,100340,-0.800000012,2.900000095,15.617,35.287,-80.85
12/9/2015 3:00,0,0.0082,284.7000122,385.3999939,268.2000122,100310,-0.900000036,2.799999952,15.617,35.287,-80.85
12/9/2015 4:00,0,0.0082,284.3999939,394.3000183,120.5999985,100160,-0.900000036,2.700000048,15.617,35.287,-80.85
12/9/2015 5:00,0,0.0084,285.1000061,394.3000183,21,100200,-1.300000072,2.299999952,15.617,35.287,-80.85
12/9/2015 6:00,0,0.008599999,285.1000061,394.3000183,0,100240,-1.700000048,1.800000072,15.617,35.287,-80.85
12/9/2015 7:00,0,0.008599999,285.2000122,383.3000183,0,100190,-2.100000143,1.399999976,15.617,35.287,-80.85
12/9/2015 8:00,0,0.0105,287.5,361.2000122,0,100530,-2.600000143,0,15.617,35.287,-80.85
12/9/2015 9:00,0,0.0098,287.3000183,361.2000122,0,100610,-2.700000048,-0.300000012,15.617,35.287,-80.85
12/9/2015 10:00,0,0.009099999,286.6000061,361.2000122,0,100600,-2.799999952,-0.600000024,15.617,35.287,-80.85
12/9/2015 11:00,0,0.0087,285.5,357.6000061,0,100570,-2.900000095,-0.900000036,15.617,35.287,-80.85
12/9/2015 12:00,0,0.0084,284.3000183,357.6000061,0,100590,-2.600000143,-0.300000012,15.617,35.287,-80.85
12/9/2015 13:00,0,0.007999999,283.8999939,357.6000061,0,100540,-2.299999952,0.400000006,15.617,35.287,-80.85
12/9/2015 14:00,0,0.0077,283.6000061,344.1000061,0,100510,-2,1,15.617,35.287,-80.85
12/9/2015 15:00,0,0.0074,283.2000122,344.1000061,0,100490,-2.100000143,0.699999988,15.617,35.287,-80.85
12/9/2015 16:00,0,0.0072,282.8999939,344.1000061,0,100550,-2.200000048,0.5,15.617,35.287,-80.85
12/9/2015 17:00,0,0.007,282.5,335,0,100460,-2.299999952,0.200000003,15.617,35.287,-80.85
12/9/2015 18:00,0,0.007,282.3000183,335,0,100470,-2.400000095,0.600000024,15.617,35.287,-80.85
12/9/2015 19:00,0,0.0071,282.3000183,335,0,100480,-2.400000095,0.900000036,15.617,35.287,-80.85
12/9/2015 20:00,0,0.007,282,350.3999939,0,100530,-2.400000095,1.300000072,15.617,35.287,-80.85
12/9/2015 21:00,0,0.007,281.8999939,350.3999939,85.09999847,100560,-2.600000143,1.200000048,15.617,35.287,-80.85
12/9/2015 22:00,0,0.0069,282.5,350.3000183,195.4000092,100610,-2.700000048,1.100000024,15.617,35.287,-80.85
12/9/2015 23:00,0,0.007,282.3999939,397,220,100600,-2.900000095,1,15.617,35.287,-80.85
12/10/2015 0:00,0,0.0072,282.8000183,397,264.7000122,100520,-2.200000048,1.700000048,15.617,35.287,-80.85
12/10/2015 1:00,0,0.0075,283.1000061,397,276.5,100510,-1.5,2.299999952,15.617,35.287,-80.85
12/10/2015 2:00,0,0.0077,283.5,385.3999939,395.2000122,100400,-0.800000012,3,15.617,35.287,-80.85
12/10/2015 3:00,0,0.0081,284.3999939,385.3999939,345.6000061,100340,-0.800000012,2.900000095,15.617,35.287,-80.85
12/10/2015 4:00,0,0.0082,284.7000122,385.3999939,268.2000122,100310,-0.900000036,2.799999952,15.617,35.287,-80.85
12/10/2015 5:00,0,0.0082,284.3999939,394.3000183,120.5999985,100160,-0.900000036,2.700000048,15.617,35.287,-80.85
12/10/2015 6:00,0,0.0084,285.1000061,394.3000183,21,100200,-1.300000072,2.299999952,15.617,35.287,-80.85
12/10/2015 7:00,0,0.008599999,285.1000061,394.3000183,0,100240,-1.700000048,1.800000072,15.617,35.287,-80.85
12/10/2015 8:00,0,0.008599999,285.2000122,383.3000183,0,100190,-2.100000143,1.399999976,15.617,35.287,-80.85
12/10/2015 9:00,0,0.0105,287.5,361.2000122,0,100530,-2.600000143,0,15.617,35.287,-80.85
12/10/2015 10:00,0,0.0098,287.3000183,361.2000122,0,100610,-2.700000048,-0.300000012,15.617,35.287,-80.85
12/10/2015 11:00,0,0.009099999,286.6000061,361.2000122,0,100600,-2.799999952,-0.600000024,15.617,35.287,-80.85
12/10/2015 12:00,0,0.0087,285.5,357.6000061,0,100570,-2.900000095,-0.900000036,15.617,35.287,-80.85
12/10/2015 13:00,0,0.0084,284.3000183,357.6000061,0,100590,-2.600000143,-0.300000012,15.617,35.287,-80.85
12/10/2015 14:00,0,0.007999999,283.8999939,357.6000061,0,100540,-2.299999952,0.400000006,15.617,35.287,-80.85
12/10/2015 15:00,0,0.0077,283.6000061,344.1000061,0,100510,-2,1,15.617,35.287,-80.85
12/10/2015 16:00,0,0.0074,283.2000122,344.1000061,0,100490,-2.100000143,0.699999988,15.617,35.287,-80.85
12/10/2015 17:00,0,0.0072,282.8999939,344.1000061,0,100550,-2.200000048,0.5,15.617,35.287,-80.85
12/10/2015 18:00,0,0.007,282.5,335,0,100460,-2.299999952,0.200000003,15.617,35.287,-80.85
12/10/2015 19:00,0,0.007,282.3000183,335,0,100470,-2.400000095,0.600000024,15.617,35.287,-80.85
12/10/2015 20:00,0,0.0071,282.3000183,335,0,100480,-2.400000095,0.900000036,15.617,35.287,-80.85
12/10/2015 21:00,0,0.007,282,350.3999939,0,100530,-2.400000095,1.300000072,15.617,35.287,-80.85
12/10/2015 22:00,0,0.007,281.8999939,350.3999939,85.09999847,100560,-2.600000143,1.200000048,15.617,35.287,-80.85
12/10/2015 23:00,0,0.0069,282.5,350.3000183,195.4000092,100610,-2.700000048,1.100000024,15.617,35.287,-80.85
12/11/2015 0:00,0,0.007,282.3999939,397,220,100600,-2.900000095,1,15.617,35.287,-80.85
12/11/2015 1:00,0,0.0072,282.8000183,397,264.7000122,100520,-2.200000048,1.700000048,15.617,35.287,-80.85
12/11/2015 2:00,0,0.0075,283.1000061,397,276.5,100510,-1.5,2.299999952,15.617,35.287,-80.85
12/11/2015 3:00,0,0.0077,283.5,385.3999939,395.2000122,100400,-0.800000012,3,15.617,35.287,-80.85
12/11/2015 4:00,0,0.0081,284.3999939,385.3999939,345.6000061,100340,-0.800000012,2.900000095,15.617,35.287,-80.85
12/11/2015 5:00,0,0.0082,284.7000122,385.3999939,268.2000122,100310,-0.900000036,2.799999952,15.617,35.287,-80.85
12/11/2015 6:00,0,0.0082,284.3999939,394.3000183,120.5999985,100160,-0.900000036,2.700000048,15.617,35.287,-80.85
12/11/2015 7:00,0,0.0084,285.1000061,394.3000183,21,100200,-1.300000072,2.299999952,15.617,35.287,-80.85
12/11/2015 8:00,0,0.008599999,285.1000061,394.3000183,0,100240,-1.700000048,1.800000072,15.617,35.287,-80.85
12/11/2015 9:00,0,0.008599999,285.2000122,383.3000183,0,100190,-2.100000143,1.399999976,15.617,35.287,-80.85
12/11/2015 10:00,0,0.0105,287.5,361.2000122,0,100530,-2.600000143,0,15.617,35.287,-80.85
12/11/2015 11:00,0,0.0098,287.3000183,361.2000122,0,100610,-2.700000048,-0.300000012,15.617,35.287,-80.85
12/11/2015 12:00,0,0.009099999,286.6000061,361.2000122,0,100600,-2.799999952,-0.600000024,15.617,35.287,-80.85
12/11/2015 13:00,0,0.0087,285.5,357.6000061,0,100570,-2.900000095,-0.900000036,15.617,35.287,-80.85
12/11/2015 14:00,0,0.0084,284.3000183,357.6000061,0,100590,-2.600000143,-0.300000012,15.617,35.287,-80.85
12/11/2015 15:00,0,0.007999999,283.8999939,357.6000061,0,100540,-2.299999952,0.400000006,15.617,35.287,-80.85
12/11/2015 16:00,0,0.0077,283.6000061,344.1000061,0,100510,-2,1,15.617,35.287,-80.85
12/11/2015 17:00,0,0.0074,283.2000122,344.1000061,0,100490,-2.100000143,0.699999988,15.617,35.287,-80.85
12/11/2015 18:00,0,0.0072,282.8999939,344.1000061,0,100550,-2.200000048,0.5,15.617,35.287,-80.85
12/11/2015 19:00,0,0.007,282.5,335,0,100460,-2.299999952,0.200000003,15.617,35.287,-80.85
12/11/2015 20:00,0,0.007,282.3000183,335,0,100470,-2.400000095,0.600000024,15.617,35.287,-80.85
12/11/2015 21:00,0,0.0071,282.3000183,335,0,100480,-2.400000095,0.900000036,15.617,35.287,-80.85
12/11/2015 22:00,0,0.007,282,350.3999939,0,100530,-2.400000095,1.300000072,15.617,35.287,-80.85
12/11/2015 23:00,0,0.007,281.8999939,350.3999939,85.09999847,100560,-2.600000143,1.200000048,15.617,35.287,-80.85
12/12/2015 0:00,0,0.0069,282.5,350.3000183,195.4000092,100610,-2.700000048,1.100000024,15.617,35.287,-80.85
12/12/2015 1:00,0,0.007,282.3999939,397,220,100600,-2.900000095,1,15.617,35.287,-80.85
12/12/2015 2:00,0,0.0072,282.8000183,397,264.7000122,100520,-2.200000048,1.700000048,15.617,35.287,-80.85
12/12/2015 3:00,0,0.0075,283.1000061,397,276.5,100510,-1.5,2.299999952,15.617,35.287,-80.85
12/12/2015 4:00,0,0.0077,283.5,385.3999939,395.2000122,100400,-0.800000012,3,15.617,35.287,-80.85
12/12/2015 5:00,0,0.0081,284.3999939,385.3999939,345.6000061,100340,-0.800000012,2.900000095,15.617,35.287,-80.85
12/12/2015 6:00,0,0.0082,284.7000122,385.3999939,268.2000122,100310,-0.900000036,2.799999952,15.617,35.287,-80.85
12/12/2015 7:00,0,0.0082,284.3999939,394.3000183,120.5999985,100160,-0.900000036,2.700000048,15.617,35.287,-80.85
12/12/2015 8:00,0,0.0084,285.1000061,394.3000183,21,100200,-1.300000072,2.299999952,15.617,35.287,-80.85
12/12/2015 9:00,0,0.008599999,285.1000061,394.3000183,0,100240,-1.700000048,1.800000072,15.617,35.287,-80.85
12/12/2015 10:00,0,0.008599999,285.2000122,383.3000183,0,100190,-2.100000143,1.399999976,15.617,35.287,-80.85
12/12/2015 11:00,0,0.0105,287.5,361.2000122,0,100530,-2.600000143,0,15.617,35.287,-80.85
12/12/2015 12:00,0,0.0098,287.3000183,361.2000122,0,100610,-2.700000048,-0.300000012,15.617,35.287,-80.85
12/12/2015 13:00,0,0.009099999,286.6000061,361.2000122,0,100600,-2.799999952,-0.600000024,15.617,35.287,-80.85
12/12/2015 14:00,0,0.0087,285.5,357.6000061,0,100570,-2.900000095,-0.900000036,15.617,35.287,-80.85
12/12/2015 15:00,0,0.0084,284.3000183,357.6000061,0,100590,-2.600000143,-0.300000012,15.617,35.287,-80.85
12/12/2015 16:00,0,0.007999999,283.8999939,357.6000061,0,100540,-2.299999952,0.400000006,15.617,35.287,-80.85
12/12/2015 17:00,0,0.0077,283.6000061,344.1000061,0,100510,-2,1,15.617,35.287,-80.85
12/12/2015 18:00,0,0.0074,283.2000122,344.1000061,0,100490,-2.100000143,0.699999988,15.617,35.287,-80.85
12/12/2015 19:00,0,0.0072,282.8999939,344.1000061,0,100550,-2.200000048,0.5,15.617,35.287,-80.85
12/12/2015 20:00,0,0.007,282.5,335,0,100460,-2.299999952,0.200000003,15.617,35.287,-80.85
12/12/2015 21:00,0,0.007,282.3000183,335,0,100470,-2.400000095,0.600000024,15.617,35.287,-80.85
12/12/2015 22:00,0,0.0071,282.3000183,335,0,100480,-2.400000095,0.900000036,15.617,35.287,-80.85
12/12/2015 23:00,0,0.007,282,350.3999939,0,100530,-2.400000095,1.300000072,15.617,35.287,-80.85
12/13/2015 0:00,0,0.007,281.8999939,350.3999939,85.09999847,100560,-2.600000143,1.200000048,15.617,35.287,-80.85
12/13/2015 1:00,0,0.0069,282.5,350.3000183,195.4000092,100610,-2.700000048,1.100000024,15.617,35.287,-80.85
12/13/2015 2:00,0,0.007,282.3999939,397,220,100600,-2.900000095,1,15.617,35.287,-80.85
12/13/2015 3:00,0,0.0072,282.8000183,397,264.7000122,100520,-2.200000048,1.700000048,15.617,35.287,-80.85
12/13/2015 4:00,0,0.0075,283.1000061,397,276.5,100510,-1.5,2.299999952,15.617,35.287,-80.85
12/13/2015 5:00,0,0.0077,283.5,385.3999939,395.2000122,100400,-0.800000012,3,15.617,35.287,-80.85
12/13/2015 6:00,0,0.0081,284.3999939,385.3999939,345.6000061,100340,-0.800000012,2.900000095,15.617,35.287,-80.85
12/13/2015 7:00,0,0.0082,284.7000122,385.3999939,268.2000122,100310,-0.900000036,2.799999952,15.617,35.287,-80.85
12/13/2015 8:00,0,0.0082,284.3999939,394.3000183,120.5999985,100160,-0.900000036,2.700000048,15.617,35.287,-80.85
12/13/2015 9:00,0,0.0084,285.1000061,394.3000183,21,100200,-1.300000072,2.299999952,15.617,35.287,-80.85
12/13/2015 10:00,0,0.008599999,285.1000061,394.3000183,0,100240,-1.700000048,1.800000072,15.617,35.287,-80.85
12/13/2015 11:00,0,0.008599999,285.2000122,383.3000183,0,100190,-2.100000143,1.399999976,15.617,35.287,-80.85
12/13/2015 12:00,0,0.0105,287.5,361.2000122,0,100530,-2.600000143,0,15.617,35.287,-80.85
12/13/2015 13:00,0,0.0098,287.3000183,361.2000122,0,100610,-2.700000048,-0.300000012,15.617,35.287,-80.85
12/13/2015 14:00,0,0.009099999,286.6000061,361.2000122,0,100600,-2.799999952,-0.600000024,15.617,35.287,-80.85
12/13/2015 15:00,0,0.0087,285.5,357.6000061,0,100570,-2.900000095,-0.900000036,15.617,35.287,-80.85
12/13/2015 16:00,0,0.0084,284.3000183,357.6000061,0,100590,-2.600000143,-0.300000012,15.617,35.287,-80.85
12/13/2015 17:00,0,0.007999999,283.8999939,357.6000061,0,100540,-2.299999952,0.400000006,15.617,35.287,-80.85
12/13/2015 18:00,0,0.0077,283.6000061,344.1000061,0,100510,-2,1,15.617,35.287,-80.85
12/13/2015 19:00,0,0.0074,283.2000122,344.1000061,0,100490,-2.100000143,0.699999988,15.617,35.287,-80.85
12/13/2015 20:00,0,0.0072,282.8999939,344.1000061,0,100550,-2.200000048,0.5,15.617,35.287,-80.85
12/13/2015 21:00,0,0.007,282.5,335,0,100460,-2.299999952,0.200000003,15.617,35.287,-80.85
12/13/2015 22:00,0,0.007,282.3000183,335,0,100470,-2.400000095,0.600000024,15.617,35.287,-80.85
12/13/2015 23:00,0,0.0071,282.3000183,335,0,100480,-2.400000095,0.900000036,15.617,35.287,-80.85
12/14/2015 0:00,0,0.007,282,350.3999939,0,100530,-2.400000095,1.300000072,15.617,35.287,-80.85
12/14/2015 1:00,0,0.007,281.8999939,350.3999939,85.09999847,100560,-2.600000143,1.200000048,15.617,35.287,-80.85
12/14/2015 2:00,0,0.0069,282.5,350.3000183,195.4000092,100610,-2.700000048,1.100000024,15.617,35.287,-80.85
12/14/2015 3:00,0,0.007,282.3999939,397,220,100600,-2.900000095,1,15.617,35.287,-80.85
12/14/2015 4:00,0,0.0072,282.8000183,397,264.7000122,100520,-2.200000048,1.700000048,15.617,35.287,-80.85
12/14/2015 5:00,0,0.0075,283.1000061,397,276.5,100510,-1.5,2.299999952,15.617,35.287,-80.85
12/14/2015 6:00,0,0.0077,283.5,385.3999939,395.2000122,100400,-0.800000012,3,15.617,35.287,-80.85
12/14/2015 7:00,0,0.0081,284.3999939,385.3999939,345.6000061,100340,-0.800000012,2.900000095,15.617,35.287,-80.85
12/14/2015 8:00,0,0.0082,284.7000122,385.3999939,268.2000122,100310,-0.900000036,2.799999952,15.617,35.287,-80.85
12/14/2015 9:00,0,0.0082,284.3999939,394.3000183,120.5999985,100160,-0.900000036,2.700000048,15.617,35.287,-80.85
12/14/2015 10:00,0,0.0084,285.1000061,394.3000183,21,100200,-1.300000072,2.299999952,15.617,35.287,-80.85
12/14/2015 11:00,0,0.008599999,285.1000061,394.3000183,0,100240,-1.700000048,1.800000072,15.617,35.287,-80.85
12/14/2015 12:00,0,0.008599999,285.2000122,383.3000183,0,100190,-2.100000143,1.399999976,15.617,35.287,-80.85
12/14/2015 13:00,0,0.0105,287.5,361.2000122,0,100530,-2.600000143,0,15.617,35.287,-80.85
12/14/2015 14:00,0,0.0098,287.3000183,361.2000122,0,100610,-2.700000048,-0.300000012,15.617,35.287,-80.85
12/14/2015 15:00,0,0.009099999,286.6000061,361.2000122,0,100600,-2.799999952,-0.600000024,15.617,35.287,-80.85
12/14/2015 16:00,0,0.0087,285.5,357.6000061,0,100570,-2.900000095,-0.900000036,15.617,35.287,-80.85
12/14/2015 17:00,0,0.0084,284.3000183,357.6000061,0,100590,-2.600000143,-0.300000012,15.617,35.287,-80.85
12/14/2015 18:00,0,0.007999999,283.8999939,357.6000061,0,100540,-2.299999952,0.400000006,15.617,35.287,-80.85
12/14/2015 19:00,0,0.0077,283.6000061,344.1000061,0,100510,-2,1,15.617,35.287,-80.85
12/14/2015 20:00,0,0.0074,283.2000122,344.1000061,0,100490,-2.100000143,0.699999988,15.617,35.287,-80.85
12/14/2015 21:00,0,0.0072,282.8999939,344.1000061,0,100550,-2.200000048,0.5,15.617,35.287,-80.85
12/14/2015 22:00,0,0.007,282.5,335,0,100460,-2.299999952,0.200000003,15.617,35.287,-80.85
12/14/2015 23:00,0,0.007,282.3000183,335,0,100470,-2.400000095,0.600000024,15.617,35.287,-80.85
12/15/2015 0:00,0,0.012,290.3000183,333.3999939,0,99160,2.5,2.700000048,15.617,35.287,-80.85
12/15/2015 1:00,0,0.011899999,290.3999939,333.3999939,0,99170,3.100000143,2.900000095,15.617,35.287,-80.85
12/15/2015 2:00,0,0.0117,290,333.3999939,0,99250,3.600000143,3,15.617,35.287,-80.85
12/15/2015 3:00,0,0.011299999,289.3000183,304.2000122,0,99280,4.200000286,3.100000143,15.617,35.287,-80.85
12/15/2015 4:00,0,0.0109,288.5,304.2000122,0,99310,4.200000286,2.700000048,15.617,35.287,-80.85
12/15/2015 5:00,0,0.009699999,288.2000122,304.2000122,0,99320,4.300000191,2.200000048,15.617,35.287,-80.85
12/15/2015 6:00,0,0.009,286.8999939,287.3999939,0,99320,4.300000191,1.700000048,15.617,35.287,-80.85
12/15/2015 7:00,0,0.0084,286.8000183,287.3999939,0,99360,4.099999905,1.5,15.617,35.287,-80.85
12/15/2015 8:00,0,0.0074,286.1000061,287.3999939,0,99340,3.900000095,1.200000048,15.617,35.287,-80.85
12/15/2015 9:00,0,0.007,285.5,278.3999939,0,99330,3.700000048,0.900000036,15.617,35.287,-80.85
12/15/2015 10:00,0,0.0069,284.8000183,278.3999939,0,99390,3.5,0.900000036,15.617,35.287,-80.85
12/15/2015 11:00,0,0.0067,284.6000061,278.3999939,0,99390,3.299999952,0.800000012,15.617,35.287,-80.85
12/15/2015 12:00,0,0.0067,283.3000183,270.3000183,0,99480,3.100000143,0.699999988,15.617,35.287,-80.85
12/15/2015 13:00,0,0.007,282.7000122,270.3000183,82.5,99590,3.100000143,0.300000012,15.617,35.287,-80.85
12/15/2015 14:00,0,0.0073,284.7000122,270.3000183,230,99630,3,-0.100000001,15.617,35.287,-80.85
12/15/2015 15:00,0,0.0071,287.2000122,301.2000122,386.7000122,99670,2.900000095,-0.600000024,15.617,35.287,-80.85
12/15/2015 16:00,0,0.0073,289.7000122,301.2000122,475.1000061,99630,2.700000048,-0.100000001,15.617,35.287,-80.85
12/15/2015 17:00,0,0.0072,291.7000122,301.2000122,502.6000061,99560,2.5,0.300000012,15.617,35.287,-80.85
12/15/2015 18:00,0,0.007,293.6000061,315.8000183,490,99520,2.200000048,0.699999988,15.617,35.287,-80.85
12/15/2015 19:00,0,0.0072,295.2000122,315.8000183,431.7000122,99480,2,0.5,15.617,35.287,-80.85
12/15/2015 20:00,0,0.0069,295.6000061,315.8000183,337.1000061,99490,1.700000048,0.200000003,15.617,35.287,-80.85
12/15/2015 21:00,0,0.0071,295.3999939,305.8999939,148.5,99550,1.399999976,0,15.617,35.287,-80.85
12/15/2015 22:00,0,0.0081,292.3999939,305.8999939,27.20000076,99600,1.100000024,0.300000012,15.617,35.287,-80.85
12/15/2015 23:00,0,0.0083,288.2000122,306,0,99620,0.699999988,0.5,15.617,35.287,-80.85
12/16/2015 0:00,0,0.0084,286.3000183,288.8999939,0,99650,0.400000006,0.800000012,15.617,35.287,-80.85
12/16/2015 1:00,0,0.007999999,285.5,288.8999939,0,99710,0.200000003,0.100000001,15.617,35.287,-80.85
12/16/2015 2:00,0,0.0083,285,288.8999939,0,99710,0,-0.699999988,15.617,35.287,-80.85
12/16/2015 3:00,0,0.0082,284.7000122,282.2000122,0,99740,-0.300000012,-1.399999976,15.617,35.287,-80.85
12/16/2015 4:00,0,0.0078,283.8000183,282.2000122,0,99800,-0.400000006,-1.200000048,15.617,35.287,-80.85
12/16/2015 5:00,0,0.0069,281.2000122,282.2000122,0,99830,-0.600000024,-1,15.617,35.287,-80.85
12/16/2015 6:00,0,0.0069,282,277,0,99820,-0.699999988,-0.900000036,15.617,35.287,-80.85
12/16/2015 7:00,0,0.0065,280.6000061,277,0,99890,-0.900000036,-0.800000012,15.617,35.287,-80.85
12/16/2015 8:00,0,0.0063,279.8999939,277,0,99930,-1.200000048,-0.800000012,15.617,35.287,-80.85
12/16/2015 9:00,0,0.0062,280.5,272.8000183,0,99880,-1.399999976,-0.800000012,15.617,35.287,-80.85
12/16/2015 10:00,0,0.006,280.2000122,272.8000183,0,99880,-1.800000072,-0.800000012,15.617,35.287,-80.85
12/16/2015 11:00,0,0.0054,278.3000183,272.8000183,0,99980,-2.200000048,-0.800000012,15.617,35.287,-80.85
12/16/2015 12:00,0,0.0055,278.2000122,267.5,0,100000,-2.700000048,-0.800000012,15.617,35.287,-80.85
12/16/2015 13:00,0,0.0059,279.2000122,267.5,81.30000305,100070,-2.5,-0.900000036,15.617,35.287,-80.85
12/16/2015 14:00,0,0.0068,281.5,267.5,230.1000061,100140,-2.299999952,-1,15.617,35.287,-80.85
12/16/2015 15:00,0,0.0075,284.8000183,293.8999939,387.3999939,100190,-2.200000048,-1.100000024,15.617,35.287,-80.85
12/16/2015 16:00,0,0.0085,288.7000122,293.8999939,476.6000061,100110,-2.5,-0.600000024,15.617,35.287,-80.85
12/16/2015 17:00,0,0.0076,291.8000183,293.8999939,504.7000122,100060,-2.900000095,-0.100000001,15.617,35.287,-80.85
12/16/2015 18:00,0,0.0076,293.8000183,310.1000061,489.3000183,99980,-3.299999952,0.400000006,15.617,35.287,-80.85
12/16/2015 19:00,0,0.0079,295,310.1000061,431.3000183,99930,-3.100000143,0.600000024,15.617,35.287,-80.85
12/16/2015 20:00,0,0.007999999,295.2000122,310.1000061,337.2000122,99920,-2.799999952,0.800000012,15.617,35.287,-80.85
12/16/2015 21:00,0,0.0079,294.7000122,305.8000183,148.1000061,99810,-2.600000143,1,15.617,35.287,-80.85
12/16/2015 22:00,0,0.0083,291.8999939,305.8000183,27.60000038,99850,-2.799999952,0.600000024,15.617,35.287,-80.85
12/16/2015 23:00,0,0.0087,290.1000061,305.8000183,0,99890,-3,0.300000012,15.617,35.287,-80.85
12/17/2015 0:00,0,0.0089,288.7000122,311.5,0,99900,-3.200000048,0,15.617,35.287,-80.85
12/17/2015 1:00,0,0.008599999,286,311.5,0,100010,-2.900000095,0.100000001,15.617,35.287,-80.85
12/17/2015 2:00,0,0.008599999,286.3000183,311.5,0,100000,-2.600000143,0.200000003,15.617,35.287,-80.85
12/17/2015 3:00,2.37E-07,0.0085,286.6000061,342,0,99940,-2.299999952,0.400000006,15.617,35.287,-80.85
12/17/2015 4:00,4.77E-07,0.0088,287.5,342,0,99910,-1.800000072,0.400000006,15.617,35.287,-80.85
12/17/2015 5:00,1.43E-06,0.0093,287.2000122,342,0,99930,-1.300000072,0.5,15.617,35.287,-80.85
12/17/2015 6:00,4.73E-07,0.0095,286.5,382.5,0,99760,-0.800000012,0.5,15.617,35.287,-80.85
12/17/2015 7:00,1.04E-06,0.0094,286.6000061,382.3999939,0,99720,-1.200000048,0.600000024,15.617,35.287,-80.85
12/17/2015 8:00,0,0.0095,286.6000061,382.3999939,0,99740,-1.600000024,0.699999988,15.617,35.287,-80.85
12/17/2015 9:00,0,0.0093,286.5,382.6000061,0,99710,-2,0.699999988,15.617,35.287,-80.85
12/17/2015 10:00,0,0.009,286.2000122,382.6000061,0,99590,-2.400000095,0.699999988,15.617,35.287,-80.85
12/17/2015 11:00,1.42E-06,0.009099999,286.6000061,382.6000061,0,99510,-2.799999952,0.699999988,15.617,35.287,-80.85
12/17/2015 12:00,2.08E-06,0.0093,286.3999939,384.2000122,0,99450,-3.200000048,0.600000024,15.617,35.287,-80.85
12/17/2015 13:00,2.08E-06,0.0095,286.5,384.2000122,34.5,99540,-3,1.5,15.617,35.287,-80.85
12/17/2015 14:00,7.59E-07,0.009699999,286.8999939,384.2000122,99.20000458,99540,-2.799999952,2.400000095,15.617,35.287,-80.85
12/17/2015 15:00,1.09E-06,0.0098,287.3000183,404.2000122,157,99420,-2.700000048,3.299999952,15.617,35.287,-80.85
12/17/2015 16:00,1.80E-06,0.0098,287,404.2000122,193.4000092,99470,-0.600000024,4.300000191,15.617,35.287,-80.85
12/17/2015 17:00,0,0.0098,286.8999939,404.2000122,204.9000092,99360,1.5,5.400000095,15.617,35.287,-80.85
12/17/2015 18:00,0,0.0106,288,380.2000122,242.6999969,99310,3.600000143,6.400000095,15.617,35.287,-80.85
12/17/2015 19:00,0,0.011,289.3000183,380.2000122,214.1000061,99360,3.799999952,5.599999905,15.617,35.287,-80.85
12/17/2015 20:00,0,0.011399999,289.2000122,380.2000122,167.6000061,99280,4,4.800000191,15.617,35.287,-80.85
12/17/2015 21:00,0,0.011399999,289.7000122,371.1000061,72.30000305,99260,4.200000286,4,15.617,35.287,-80.85
12/17/2015 22:00,0,0.011899999,289.7000122,371.1000061,13.69999981,99260,3.700000048,3.900000095,15.617,35.287,-80.85
12/17/2015 23:00,0,0.011299999,289,371.1000061,0,99330,3.200000048,3.700000048,15.617,35.287,-80.85
12/18/2015 0:00,0,0.0112,289.2000122,361.8000183,0,99330,2.700000048,3.5,15.617,35.287,-80.85
12/18/2015 1:00,0,0.011,288.8000183,361.8000183,0,99410,2.200000048,3.200000048,15.617,35.287,-80.85
12/18/2015 2:00,0,0.0109,288.6000061,361.8000183,0,99440,1.700000048,2.900000095,15.617,35.287,-80.85
12/18/2015 3:00,0,0.0107,288.3999939,363.8000183,0,99430,1.200000048,2.600000143,15.617,35.287,-80.85
12/18/2015 4:00,0,0.0107,288.6000061,363.8000183,0,99460,1.5,2.600000143,15.617,35.287,-80.85
12/18/2015 5:00,0,0.0107,288.1000061,363.8000183,0,99360,1.700000048,2.600000143,15.617,35.287,-80.85
12/18/2015 6:00,0,0.0107,287.7000122,344.3999939,0,99320,1.899999976,2.700000048,15.617,35.287,-80.85
12/18/2015 7:00,0,0.0104,288.1000061,344.3999939,0,99370,2,2.400000095,15.617,35.287,-80.85
12/18/2015 8:00,0,0.0096,287.6000061,344.3999939,0,99390,2.200000048,2.200000048,15.617,35.287,-80.85
12/18/2015 9:00,0,0.0094,286.7000122,321,0,99340,2.299999952,1.899999976,15.617,35.287,-80.85
12/18/2015 10:00,0,0.0084,285.3000183,321,0,99390,3.100000143,1.800000072,15.617,35.287,-80.85
12/18/2015 11:00,0,0.0073,283.8000183,321,0,99440,3.799999952,1.600000024,15.617,35.287,-80.85
12/18/2015 12:00,0,0.0069,282.8999939,269,0,99560,4.599999905,1.5,15.617,35.287,-80.85
12/18/2015 13:00,0,0.0067,282.2000122,269,82.20000458,99630,5.200000286,1.200000048,15.617,35.287,-80.85
12/18/2015 14:00,0,0.0063,282.3999939,269,239.3000031,99730,5.700000286,0.800000012,15.617,35.287,-80.85
12/18/2015 15:00,0,0.006,282.2000122,263.5,388.8000183,99880,6.300000191,0.5,15.617,35.287,-80.85
12/18/2015 16:00,0,0.0057,284,263.5,479.7000122,99910,6.800000191,0.200000003,15.617,35.287,-80.85
12/18/2015 17:00,0,0.0051,285.1000061,263.5,508.8999939,99850,7.300000191,-0.100000001,15.617,35.287,-80.85
12/18/2015 18:00,0,0.004,286.7000122,260,503.1000061,99810,7.800000191,-0.400000006,15.617,35.287,-80.85
12/18/2015 19:00,0,0.0034,287.1000061,260,444.2000122,99810,7.200000286,-1.5,15.617,35.287,-80.85
12/18/2015 20:00,0,0.0029,287.2000122,260,348,99920,6.5,-2.600000143,15.617,35.287,-80.85
12/18/2015 21:00,0,0.0024,286.1000061,243.5,159.1999969,99950,5.800000191,-3.700000048,15.617,35.287,-80.85
12/18/2015 22:00,0,0.0027,284.3999939,243.5,30.89999962,100130,5.099999905,-3.400000095,15.617,35.287,-80.85
12/18/2015 23:00,0,0.003,282.2000122,243.5,0,100260,4.400000095,-3.100000143,15.617,35.287,-80.85
12/19/2015 0:00,0,0.0031,280.5,225,0,100400,3.600000143,-2.799999952,15.617,35.287,-80.85
12/19/2015 1:00,0,0.0029,278.8000183,225,0,100620,3.400000095,-2.600000143,15.617,35.287,-80.85
12/19/2015 2:00,0,0.0028,277,225,0,100790,3.200000048,-2.299999952,15.617,35.287,-80.85
12/19/2015 3:00,0,0.0028,276,214.6999969,0,100840,2.900000095,-2.100000143,15.617,35.287,-80.85
12/19/2015 4:00,0,0.0029,275.2000122,214.6999969,0,100940,2.799999952,-2.100000143,15.617,35.287,-80.85
12/19/2015 5:00,0,0.0028,274.8000183,214.6999969,0,101020,2.700000048,-2,15.617,35.287,-80.85
12/19/2015 6:00,0,0.0022,274.1000061,206.6000061,0,101050,2.600000143,-2,15.617,35.287,-80.85
12/19/2015 7:00,0,0.0025,272.6000061,206.6000061,0,101070,2.600000143,-1.800000072,15.617,35.287,-80.85
12/19/2015 8:00,0,0.0024,272.1000061,206.6000061,0,101130,2.600000143,-1.5,15.617,35.287,-80.85
12/19/2015 9:00,0,0.0025,271.7000122,204.6000061,0,101190,2.5,-1.200000048,15.617,35.287,-80.85
12/19/2015 10:00,0,0.0026,271.7000122,204.6000061,0,101210,2.400000095,-0.400000006,15.617,35.287,-80.85
12/19/2015 11:00,0,0.0028,270.6000061,204.6000061,0,101340,2.200000048,0.400000006,15.617,35.287,-80.85
12/19/2015 12:00,0,0.0027,270.7000122,209.1000061,0,101420,2,1.200000048,15.617,35.287,-80.85
12/19/2015 13:00,0,0.0029,271.3000183,209.1000061,79,101550,2.100000143,0.900000036,15.617,35.287,-80.85
12/19/2015 14:00,0,0.0029,273.5,209.1000061,233,101560,2.200000048,0.600000024,15.617,35.287,-80.85
12/19/2015 15:00,0,0.0028,276.3999939,230.1000061,394.3000183,101690,2.299999952,0.300000012,15.617,35.287,-80.85
12/19/2015 16:00,0,0.0023,279.3000183,230.1000061,487,101620,2.900000095,0.699999988,15.617,35.287,-80.85
12/19/2015 17:00,0,0.0021,280.8000183,230.1000061,517.1000366,101550,3.5,1,15.617,35.287,-80.85
12/19/2015 18:00,0,0.0017,281.7000122,240.4000092,507.7000122,101500,4.099999905,1.300000072,15.617,35.287,-80.85
12/19/2015 19:00,0,0.0019,282.6000061,240.4000092,448.6000061,101460,3.900000095,1,15.617,35.287,-80.85
12/19/2015 20:00,0,0.0021,283.3999939,240.4000092,351.8000183,101410,3.700000048,0.699999988,15.617,35.287,-80.85
12/19/2015 21:00,0,0.0021,283.7000122,233.6000061,162.1999969,101410,3.5,0.400000006,15.617,35.287,-80.85
12/19/2015 22:00,0,0.0021,282.3000183,233.6000061,32.10000229,101450,3.200000048,0.699999988,15.617,35.287,-80.85
12/19/2015 23:00,0,0.0027,278.8000183,233.6000061,0,101540,2.900000095,1,15.617,35.287,-80.85
12/20/2015 0:00,0,0.003,276.5,224,0,101560,2.600000143,1.300000072,15.617,35.287,-80.85
12/20/2015 1:00,0,0.0031,275.8999939,224,0,101590,2.299999952,0.900000036,15.617,35.287,-80.85
12/20/2015 2:00,0,0.003,274.6000061,224,0,101580,2.100000143,0.600000024,15.617,35.287,-80.85
12/20/2015 3:00,0,0.003,273.8000183,220.3000031,0,101540,1.800000072,0.200000003,15.617,35.287,-80.85
12/20/2015 4:00,0,0.003,273.3000183,220.3000031,0,101590,1.399999976,-0.400000006,15.617,35.287,-80.85
12/20/2015 5:00,0,0.0029,271.8000183,220.3000031,0,101620,1,-1.100000024,15.617,35.287,-80.85
12/20/2015 6:00,0,0.003,272.1000061,218,0,101610,0.600000024,-1.700000048,15.617,35.287,-80.85
12/20/2015 7:00,0,0.003,271.1000061,218,0,101640,0.400000006,-2.100000143,15.617,35.287,-80.85
12/20/2015 8:00,0,0.003,271.5,218,0,101660,0.200000003,-2.400000095,15.617,35.287,-80.85
12/20/2015 9:00,0,0.0029,271.6000061,215.8000031,0,101690,0,-2.799999952,15.617,35.287,-80.85
12/20/2015 10:00,0,0.0028,271,215.8000031,0,101700,-0.400000006,-2.200000048,15.617,35.287,-80.85
12/20/2015 11:00,0,0.0028,271.2000122,215.8000031,0,101720,-0.800000012,-1.600000024,15.617,35.287,-80.85
12/20/2015 12:00,0,0.0028,271.2000122,219.6999969,0,101720,-1.300000072,-1,15.617,35.287,-80.85
12/20/2015 13:00,0,0.0029,271.2000122,219.6999969,76.80000305,101850,-1.5,-0.800000012,15.617,35.287,-80.85
12/20/2015 14:00,0,0.0032,274.5,219.6999969,229.6999969,101960,-1.700000048,-0.699999988,15.617,35.287,-80.85
12/20/2015 15:00,0,0.003,278.6000061,242.6999969,390.3999939,101930,-1.899999976,-0.5,15.617,35.287,-80.85
12/20/2015 16:00,0,0.0028,282.1000061,242.6999969,482.8999939,101900,-2.200000048,-0.100000001,15.617,35.287,-80.85
12/20/2015 17:00,0,0.0026,284.5,242.6000061,513.2000122,101840,-2.5,0.400000006,15.617,35.287,-80.85
12/20/2015 18:00,0,0.0024,285.5,254.8000031,500.7000122,101820,-2.799999952,0.800000012,15.617,35.287,-80.85
12/20/2015 19:00,0,0.0025,286.2000122,254.8000031,442.8000183,101720,-2.700000048,0.900000036,15.617,35.287,-80.85
12/20/2015 20:00,0,0.0026,286.1000061,254.8000031,347.6000061,101690,-2.5,0.900000036,15.617,35.287,-80.85
12/20/2015 21:00,0,0.0027,285.3999939,253.3000031,173,101590,-2.299999952,1,15.617,35.287,-80.85
12/20/2015 22:00,0,0.0029,283.8999939,253.3000031,35.10000229,101600,-2.700000048,1,15.617,35.287,-80.85
12/20/2015 23:00,0,0.0034,281.6000061,253.3000031,0,101630,-3.100000143,1.100000024,15.617,35.287,-80.85
12/21/2015 0:00,0,0.0037,279.7000122,250.1000061,0,101610,-3.600000143,1.200000048,15.617,35.287,-80.85
12/21/2015 1:00,0,0.0037,278.3999939,250.1000061,0,101580,-3.299999952,0.600000024,15.617,35.287,-80.85
12/21/2015 2:00,0,0.0037,276.6000061,250.1000061,0,101630,-3.100000143,0.100000001,15.617,35.287,-80.85
12/21/2015 3:00,0,0.0038,277.3000183,266.5,0,101580,-2.799999952,-0.400000006,15.617,35.287,-80.85
12/21/2015 4:00,0,0.0038,277.7000122,266.5,0,101530,-2.799999952,-0.800000012,15.617,35.287,-80.85
12/21/2015 5:00,0,0.0038,277.1000061,266.5,0,101500,-2.700000048,-1.100000024,15.617,35.287,-80.85
12/21/2015 6:00,0,0.004,278,289,0,101480,-2.700000048,-1.399999976,15.617,35.287,-80.85
12/21/2015 7:00,0,0.0041,279.1000061,289,0,101460,-2.5,-1.399999976,15.617,35.287,-80.85
12/21/2015 8:00,0,0.0042,279,289,0,101470,-2.400000095,-1.300000072,15.617,35.287,-80.85
12/21/2015 9:00,0,0.0042,279.3000183,334.1000061,0,101380,-2.299999952,-1.200000048,15.617,35.287,-80.85
12/21/2015 10:00,0,0.0043,279,334.1000061,0,101340,-2.200000048,-1.100000024,15.617,35.287,-80.85
12/21/2015 11:00,0,0.0042,278.5,334.1000061,0,101290,-2.100000143,-1.100000024,15.617,35.287,-80.85
12/21/2015 12:00,0,0.0044,279.1000061,352.8999939,0,101310,-2,-1,15.617,35.287,-80.85
12/21/2015 13:00,0,0.0042,279.5,352.8999939,33.29999924,101380,-2,-0.900000036,15.617,35.287,-80.85
12/21/2015 14:00,0,0.0042,280,352.8999939,100.8000031,101310,-2,-0.800000012,15.617,35.287,-80.85
12/21/2015 15:00,0,0.0043,280.7000122,372.3999939,160.9000092,101310,-2,-0.699999988,15.617,35.287,-80.85
12/21/2015 16:00,0,0.0045,282.6000061,372.3999939,199.1999969,101300,-1.899999976,-0.400000006,15.617,35.287,-80.85
12/21/2015 17:00,0,0.0049,283.8000183,372.3999939,211.9000092,101220,-1.700000048,-0.200000003,15.617,35.287,-80.85
12/21/2015 18:00,0,0.005,283.8999939,375.5,290.3999939,101150,-1.5,0.100000001,15.617,35.287,-80.85
12/21/2015 19:00,0,0.0054,285,375.5,257,101050,-1.600000024,0.100000001,15.617,35.287,-80.85
12/21/2015 20:00,0,0.0056,285.8000183,375.5,202,100890,-1.800000072,0.100000001,15.617,35.287,-80.85
12/21/2015 21:00,0,0.0059,285.8000183,361.7000122,132.8000031,100870,-1.899999976,0.100000001,15.617,35.287,-80.85
12/21/2015 22:00,0,0.0061,285.1000061,361.7000122,27.60000038,100820,-2.200000048,0.400000006,15.617,35.287,-80.85
12/21/2015 23:00,0,0.0061,283.2000122,361.7000122,0,100830,-2.5,0.699999988,15.617,35.287,-80.85
12/22/2015 0:00,0,0.0062,283.2000122,357,0,100740,-2.700000048,1,15.617,35.287,-80.85
12/22/2015 1:00,0,0.0065,283,357,0,100760,-2.600000143,0.900000036,15.617,35.287,-80.85
12/22/2015 2:00,0,0.0064,283.2000122,357,0,100770,-2.5,0.800000012,15.617,35.287,-80.85
12/22/2015 3:00,0,0.0063,282.1000061,369.2000122,0,100630,-2.400000095,0.699999988,15.617,35.287,-80.85
12/22/2015 4:00,0,0.0063,282.5,369.2000122,0,100600,-2.299999952,0.900000036,15.617,35.287,-80.85
12/22/2015 5:00,5.99E-07,0.0066,283.1000061,369.2000122,0,100490,-2.200000048,1.100000024,15.617,35.287,-80.85
12/22/2015 6:00,2.85E-06,0.007,282.7000122,391.2000122,0,100310,-2.100000143,1.300000072,15.617,35.287,-80.85
12/22/2015 7:00,3.00E-06,0.0075,283.5,391.1000061,0,100280,-1,1.700000048,15.617,35.287,-80.85
12/22/2015 8:00,3.39E-06,0.0082,284.3000183,391.1000061,0,100110,0.100000001,2,15.617,35.287,-80.85
12/22/2015 9:00,1.77E-05,0.0087,285.3000183,386.1000061,0,100030,1.200000048,2.400000095,15.617,35.287,-80.85
12/22/2015 10:00,4.56E-06,0.0092,285.8999939,386.1000061,0,100100,0.800000012,2.799999952,15.617,35.287,-80.85
12/22/2015 11:00,1.17E-06,0.0089,285.3999939,386.1000061,0,100180,0.600000024,3.200000048,15.617,35.287,-80.85
12/22/2015 12:00,6.13E-07,0.0094,286.2000122,380.7000122,0,100160,0.200000003,3.600000143,15.617,35.287,-80.85
12/22/2015 13:00,3.78E-07,0.0095,286.3000183,380.7000122,34.79999924,100130,0.200000003,3.600000143,15.617,35.287,-80.85
12/22/2015 14:00,0,0.0095,286.6000061,380.7000122,106.7000046,100230,0.100000001,3.700000048,15.617,35.287,-80.85
12/22/2015 15:00,0,0.01,287.2000122,384.8000183,237.6000061,100260,0.100000001,3.700000048,15.617,35.287,-80.85
12/22/2015 16:00,0,0.0101,287.3999939,384.8000183,294.6000061,100210,0.200000003,3.5,15.617,35.287,-80.85
12/22/2015 17:00,0,0.0099,287,384.8000183,313.6000061,100160,0.300000012,3.400000095,15.617,35.287,-80.85
12/22/2015 18:00,0,0.0103,288,392.8999939,306.5,100010,0.400000006,3.200000048,15.617,35.287,-80.85
12/22/2015 19:00,0,0.011399999,289.7000122,392.8999939,271.6000061,99990,-0.100000001,3.600000143,15.617,35.287,-80.85
12/22/2015 20:00,0,0.0117,290.2000122,392.8999939,213.6999969,99990,-0.699999988,3.900000095,15.617,35.287,-80.85
12/22/2015 21:00,0,0.0116,290,388.3999939,118.3000031,100040,-1.200000048,4.300000191,15.617,35.287,-80.85
12/22/2015 22:00,0,0.011399999,289.6000061,388.3999939,25.20000076,99990,-1.399999976,3.700000048,15.617,35.287,-80.85
12/22/2015 23:00,0,0.010799999,288.8000183,388.3999939,0,99990,-1.600000024,3.100000143,15.617,35.287,-80.85
12/23/2015 0:00,0,0.0111,288.8000183,383.3000183,0,100050,-1.800000072,2.600000143,15.617,35.287,-80.85
12/23/2015 1:00,0,0.0111,289.2000122,383.3000183,0,100130,-1.800000072,2.200000048,15.617,35.287,-80.85
12/23/2015 2:00,0,0.0111,288.8000183,383.3000183,0,100110,-1.899999976,1.899999976,15.617,35.287,-80.85
12/23/2015 3:00,0,0.011299999,289.2000122,385.8000183,0,100090,-2,1.5,15.617,35.287,-80.85
12/23/2015 4:00,0,0.0112,289,385.8000183,0,100050,-1.700000048,1.600000024,15.617,35.287,-80.85
12/23/2015 5:00,0,0.0117,289.5,385.8000183,0,100010,-1.5,1.600000024,15.617,35.287,-80.85
12/23/2015 6:00,0,0.011899999,289.7000122,386.5,0,99980,-1.200000048,1.700000048,15.617,35.287,-80.85
12/23/2015 7:00,0,0.0116,289.8000183,386.5,0,100010,-1.399999976,1.700000048,15.617,35.287,-80.85
12/23/2015 8:00,0,0.012,289.7000122,386.5,0,100000,-1.600000024,1.700000048,15.617,35.287,-80.85
12/23/2015 9:00,0,0.011899999,289.8000183,391,0,99970,-1.800000072,1.700000048,15.617,35.287,-80.85
12/23/2015 10:00,0,0.0117,289.7000122,391,0,99940,-2.100000143,1.899999976,15.617,35.287,-80.85
12/23/2015 11:00,0,0.0117,289.3999939,391,0,99920,-2.5,2.100000143,15.617,35.287,-80.85
12/23/2015 12:00,1.89E-06,0.0115,289.3000183,389.1000061,0,99900,-2.799999952,2.400000095,15.617,35.287,-80.85
12/23/2015 13:00,5.82E-07,0.0117,289.7000122,389.1000061,42.40000153,99950,-2.700000048,2.900000095,15.617,35.287,-80.85
12/23/2015 14:00,5.64E-06,0.011899999,289.8000183,389.1000061,131.6999969,99920,-2.5,3.5,15.617,35.287,-80.85
12/23/2015 15:00,8.76E-07,0.012,290,393.8000183,163,99920,-2.299999952,4,15.617,35.287,-80.85
12/23/2015 16:00,4.43E-07,0.0127,291.2000122,393.8000183,202.4000092,99860,-1.899999976,4.099999905,15.617,35.287,-80.85
12/23/2015 17:00,0,0.0131,291.8999939,393.8000183,215.6000061,99740,-1.399999976,4.099999905,15.617,35.287,-80.85
12/23/2015 18:00,4.96E-06,0.0137,292.2000122,405.2000122,182.3000031,99650,-1,4.200000286,15.617,35.287,-80.85
12/23/2015 19:00,8.88E-07,0.0129,291.6000061,405.2000122,161.6000061,99630,-0.699999988,4,15.617,35.287,-80.85
12/23/2015 20:00,2.95E-07,0.0128,291.3000183,405.1000061,127.4000015,99690,-0.400000006,3.900000095,15.617,35.287,-80.85
12/23/2015 21:00,1.09E-06,0.0132,291.6000061,392.6000061,96.80000305,99740,-0.100000001,3.799999952,15.617,35.287,-80.85
12/23/2015 22:00,3.43E-07,0.012399999,290.8000183,392.6000061,21.10000038,99730,-0.200000003,3.200000048,15.617,35.287,-80.85
12/23/2015 23:00,1.85E-06,0.012399999,290.2000122,392.6000061,0,99800,-0.400000006,2.700000048,15.617,35.287,-80.85
12/24/2015 0:00,6.81E-07,0.012,290,395.6000061,0,99980,-0.5,2.200000048,15.617,35.287,-80.85
12/24/2015 1:00,1.07E-06,0.0118,289.3999939,395.6000061,0,99950,-1,2.299999952,15.617,35.287,-80.85
12/24/2015 2:00,7.81E-07,0.0121,290.3000183,395.6000061,0,100010,-1.5,2.400000095,15.617,35.287,-80.85
12/24/2015 3:00,7.80E-07,0.0121,290.2000122,396.6000061,0,100050,-2,2.5,15.617,35.287,-80.85
12/24/2015 4:00,0,0.0117,290.2000122,396.6000061,0,99960,-1.300000072,3.600000143,15.617,35.287,-80.85
12/24/2015 5:00,0,0.0118,289.8000183,396.6000061,0,100010,-0.600000024,4.700000286,15.617,35.287,-80.85
12/24/2015 6:00,0,0.0122,290.3999939,392.8000183,0,99930,0.100000001,5.900000095,15.617,35.287,-80.85
12/24/2015 7:00,0,0.012399999,290.8000183,392.8000183,0,99960,0.5,5.800000191,15.617,35.287,-80.85
12/24/2015 8:00,0,0.012999999,291.6000061,392.8000183,0,100010,0.900000036,5.800000191,15.617,35.287,-80.85
12/24/2015 9:00,0,0.014099999,293.3999939,379.6000061,0,99960,1.300000072,5.700000286,15.617,35.287,-80.85
12/24/2015 10:00,0,0.014599999,293.5,379.6000061,0,100010,0.900000036,4.700000286,15.617,35.287,-80.85
12/24/2015 11:00,0,0.014599999,293.8999939,379.6000061,0,100040,0.5,3.700000048,15.617,35.287,-80.85
12/24/2015 12:00,0,0.014699999,293.7000122,379.2000122,0,100110,0,2.700000048,15.617,35.287,-80.85
12/24/2015 13:00,0,0.014699999,294,379.2000122,49.5,100230,0.699999988,3,15.617,35.287,-80.85
12/24/2015 14:00,0,0.014599999,294.2000122,379.2000122,155.6999969,100320,1.300000072,3.400000095,15.617,35.287,-80.85
12/24/2015 15:00,0,0.0149,294.8000183,397.6000061,267.3000183,100410,2,3.799999952,15.617,35.287,-80.85
12/24/2015 16:00,0,0.0149,295.6000061,397.6000061,332.1000061,100400,3.100000143,3.600000143,15.617,35.287,-80.85
12/24/2015 17:00,0,0.015299999,295.1000061,397.6000061,354.1000061,100420,4.099999905,3.400000095,15.617,35.287,-80.85
12/24/2015 18:00,0,0.0156,295,400.7000122,329.8000183,100330,5.200000286,3.200000048,15.617,35.287,-80.85
12/24/2015 19:00,0,0.0155,295,400.7000122,292.7000122,100360,4.700000286,2.799999952,15.617,35.287,-80.85
12/24/2015 20:00,0,0.015299999,295,400.7000122,231,100360,4.300000191,2.400000095,15.617,35.287,-80.85
12/24/2015 21:00,0,0.015199999,295.2000122,403.8000183,93.20000458,100290,3.799999952,2,15.617,35.287,-80.85
12/24/2015 22:00,3.05E-07,0.015699999,294.8999939,403.8000183,20.80000114,100430,2.400000095,2,15.617,35.287,-80.85
12/24/2015 23:00,7.60E-07,0.015,294.5,403.8000183,0,100520,1,2,15.617,35.287,-80.85
12/25/2015 0:00,5.06E-08,0.0148,294.3999939,391.7000122,0,100450,-0.400000006,2,15.617,35.287,-80.85
12/25/2015 1:00,0,0.0132,292.3999939,391.7000122,0,100600,0.400000006,1.899999976,15.617,35.287,-80.85
12/25/2015 2:00,0,0.0126,291.8000183,391.7000122,0,100720,1.200000048,1.800000072,15.617,35.287,-80.85
12/25/2015 3:00,1.98E-07,0.0127,291.8000183,379.2000122,0,100750,2,1.700000048,15.617,35.287,-80.85
12/25/2015 4:00,0,0.012499999,291.7000122,379.2000122,0,100800,2,1.100000024,15.617,35.287,-80.85
12/25/2015 5:00,9.84E-08,0.0123,291.3000183,379.2000122,0,100790,2,0.5,15.617,35.287,-80.85
12/25/2015 6:00,0,0.012499999,291.3999939,382.1000061,0,100810,2,-0.100000001,15.617,35.287,-80.85
12/25/2015 7:00,9.82E-08,0.012399999,291,382.1000061,0,100770,1.600000024,-0.300000012,15.617,35.287,-80.85
12/25/2015 8:00,0,0.012499999,290.8000183,382.1000061,0,100770,1.300000072,-0.400000006,15.617,35.287,-80.85
12/25/2015 9:00,0,0.0122,290.8000183,386.2000122,0,100830,0.900000036,-0.600000024,15.617,35.287,-80.85
12/25/2015 10:00,0,0.0118,290.2000122,386.2000122,0,100760,0,-0.300000012,15.617,35.287,-80.85
12/25/2015 11:00,0,0.011899999,290.3999939,386.2000122,0,100790,-0.900000036,-0.100000001,15.617,35.287,-80.85
12/25/2015 12:00,0,0.0112,289.5,382.7000122,0,100870,-1.700000048,0.200000003,15.617,35.287,-80.85
12/25/2015 13:00,0,0.0118,289.6000061,382.7000122,55.29999924,100890,-1.399999976,0.5,15.617,35.287,-80.85
12/25/2015 14:00,0,0.0123,291.2000122,382.7000122,175.9000092,100880,-1.100000024,0.800000012,15.617,35.287,-80.85
12/25/2015 15:00,0,0.0134,293,391.3000183,320.2000122,100870,-0.800000012,1,15.617,35.287,-80.85
12/25/2015 16:00,0,0.0137,294,391.3000183,398.3000183,100910,-0.300000012,1.5,15.617,35.287,-80.85
12/25/2015 17:00,0,0.0143,294.3000183,391.2000122,425.1000061,100780,0.200000003,2.100000143,15.617,35.287,-80.85
12/25/2015 18:00,0,0.0149,294.8999939,405.6000061,401.1000061,100700,0.699999988,2.600000143,15.617,35.287,-80.85
12/25/2015 19:00,0,0.0148,296.2000122,405.6000061,356.2000122,100690,1.100000024,2.5,15.617,35.287,-80.85
12/25/2015 20:00,0,0.015,296.3999939,405.6000061,281.6000061,100710,1.600000024,2.400000095,15.617,35.287,-80.85
12/25/2015 21:00,0,0.015099999,297,404.2000122,123.8000031,100660,2,2.299999952,15.617,35.287,-80.85
12/25/2015 22:00,0,0.015199999,296.1000061,404.2000122,28.39999962,100720,1.300000072,2,15.617,35.287,-80.85
12/25/2015 23:00,0,0.0154,295.1000061,404.2000122,0,100800,0.699999988,1.800000072,15.617,35.287,-80.85
12/26/2015 0:00,0,0.014599999,294.1000061,398.3000183,0,100870,0,1.5,15.617,35.287,-80.85
12/26/2015 1:00,7.49E-07,0.013599999,292.8999939,398.3000183,0,100890,-0.400000006,0.900000036,15.617,35.287,-80.85
12/26/2015 2:00,0,0.0134,292.1000061,398.3000183,0,100970,-0.900000036,0.200000003,15.617,35.287,-80.85
12/26/2015 3:00,0,0.0129,291.7000122,397.8999939,0,100910,-1.300000072,-0.5,15.617,35.287,-80.85
12/26/2015 4:00,0,0.012499999,291.3000183,397.8999939,0,100900,-1.200000048,-0.600000024,15.617,35.287,-80.85
12/26/2015 5:00,0,0.0118,290.3000183,397.8999939,0,100910,-1,-0.699999988,15.617,35.287,-80.85
12/26/2015 6:00,0,0.0123,291,385.8999939,0,100880,-0.800000012,-0.800000012,15.617,35.287,-80.85
12/26/2015 7:00,0,0.0116,290.5,385.8999939,0,100940,-1.300000072,-0.600000024,15.617,35.287,-80.85
12/26/2015 8:00,0,0.0116,290.2000122,385.8999939,0,100930,-1.700000048,-0.5,15.617,35.287,-80.85
12/26/2015 9:00,0,0.010799999,289.3999939,379.5,0,100900,-2.100000143,-0.300000012,15.617,35.287,-80.85
12/26/2015 10:00,0,0.010799999,289.1000061,379.5,0,100840,-1.800000072,-0.5,15.617,35.287,-80.85
12/26/2015 11:00,0,0.0111,289.3999939,379.5,0,100760,-1.5,-0.699999988,15.617,35.287,-80.85
12/26/2015 12:00,0,0.0112,289.8000183,364.7000122,0,100780,-1.200000048,-0.900000036,15.617,35.287,-80.85
12/26/2015 13:00,0,0.011,289.2000122,364.7000122,62.90000153,100880,-1.300000072,-0.800000012,15.617,35.287,-80.85
12/26/2015 14:00,0,0.0117,290.8000183,364.7000122,202.4000092,100980,-1.399999976,-0.800000012,15.617,35.287,-80.85
12/26/2015 15:00,0,0.0127,292.5,376.6000061,354.8000183,101080,-1.5,-0.699999988,15.617,35.287,-80.85
12/26/2015 16:00,0,0.012999999,294,376.6000061,442,101100,-1.300000072,0.200000003,15.617,35.287,-80.85
12/26/2015 17:00,0,0.0131,295,376.5,472,100970,-1.100000024,1,15.617,35.287,-80.85
12/26/2015 18:00,0,0.0134,296,386.6000061,470.6000061,100840,-0.900000036,1.899999976,15.617,35.287,-80.85
12/26/2015 19:00,0,0.013599999,297.3999939,386.6000061,418.3999939,100840,-0.800000012,1.899999976,15.617,35.287,-80.85
12/26/2015 20:00,0,0.0138,297.2000122,386.6000061,331.2000122,100780,-0.800000012,1.800000072,15.617,35.287,-80.85
12/26/2015 21:00,0,0.0138,296.7000122,373.2000122,153.1000061,100780,-0.699999988,1.800000072,15.617,35.287,-80.85
12/26/2015 22:00,0,0.0139,295.3000183,373.2000122,36,100790,-1.300000072,1.800000072,15.617,35.287,-80.85
12/26/2015 23:00,0,0.0139,293.8999939,373.2000122,0,100820,-2,1.899999976,15.617,35.287,-80.85
12/27/2015 0:00,0,0.0137,293.2000122,358.3999939,0,100880,-2.600000143,2,15.617,35.287,-80.85
12/27/2015 1:00,0,0.013499999,293.2000122,358.3999939,0,100850,-2.600000143,1.800000072,15.617,35.287,-80.85
12/27/2015 2:00,0,0.0133,292.5,358.3999939,0,100870,-2.600000143,1.600000024,15.617,35.287,-80.85
12/27/2015 3:00,0,0.013599999,292.1000061,351.2000122,0,100870,-2.600000143,1.5,15.617,35.287,-80.85
12/27/2015 4:00,0,0.012999999,291.7000122,351.2000122,0,100840,-2.400000095,1.600000024,15.617,35.287,-80.85
12/27/2015 5:00,0,0.0134,292.3000183,351.2000122,0,100770,-2.200000048,1.800000072,15.617,35.287,-80.85
12/27/2015 6:00,0,0.0134,292.2000122,359.8999939,0,100740,-2,2,15.617,35.287,-80.85
12/27/2015 7:00,0,0.0138,292.3999939,359.8999939,0,100680,-1.899999976,1.800000072,15.617,35.287,-80.85
12/27/2015 8:00,0,0.0137,292.3000183,359.8999939,0,100750,-1.800000072,1.600000024,15.617,35.287,-80.85
12/27/2015 9:00,0,0.0138,292.8000183,369.1000061,0,100630,-1.600000024,1.399999976,15.617,35.287,-80.85
12/27/2015 10:00,0,0.0138,292.5,369.1000061,0,100650,-1.700000048,1.399999976,15.617,35.287,-80.85
12/27/2015 11:00,0,0.0137,292.7000122,369.1000061,0,100620,-1.800000072,1.399999976,15.617,35.287,-80.85
12/27/2015 12:00,0,0.013499999,292.3999939,366.3999939,0,100650,-1.899999976,1.399999976,15.617,35.287,-80.85
12/27/2015 13:00,7.44E-07,0.0128,292.2000122,366.3999939,38.10000229,100620,-1.300000072,1,15.617,35.287,-80.85
12/27/2015 14:00,2.13E-06,0.0132,292.2000122,366.3999939,123.9000015,100640,-0.699999988,0.5,15.617,35.287,-80.85
12/27/2015 15:00,0,0.0134,292.2000122,391.1000061,208.8000031,100620,-0.100000001,0,15.617,35.287,-80.85
12/27/2015 16:00,0,0.013599999,293.1000061,391,260.2000122,100590,0.200000003,0.5,15.617,35.287,-80.85
12/27/2015 17:00,0,0.0142,293.7000122,391,278.2000122,100480,0.600000024,1,15.617,35.287,-80.85
12/27/2015 18:00,0,0.0143,294.2000122,394.5,305.3999939,100380,1,1.5,15.617,35.287,-80.85
12/27/2015 19:00,0,0.014699999,295.5,394.5,271.8000183,100290,1,1.600000024,15.617,35.287,-80.85
12/27/2015 20:00,0,0.0145,295.8999939,394.3999939,215.5,100240,1.100000024,1.700000048,15.617,35.287,-80.85
12/27/2015 21:00,0,0.014599999,295.5,388.6000061,140.4000092,100200,1.100000024,1.700000048,15.617,35.287,-80.85
12/27/2015 22:00,0,0.014599999,294.8999939,388.6000061,33.90000153,100260,0.400000006,1.899999976,15.617,35.287,-80.85
12/27/2015 23:00,0,0.015,294.7000122,388.6000061,0,100270,-0.300000012,2.100000143,15.617,35.287,-80.85
12/28/2015 0:00,0,0.0145,293.6000061,373.2000122,0,100260,-1,2.299999952,15.617,35.287,-80.85
12/28/2015 1:00,0,0.013499999,291.8999939,373.2000122,0,100310,-1.200000048,2.299999952,15.617,35.287,-80.85
12/28/2015 2:00,0,0.012999999,291.7000122,373.2000122,0,100320,-1.399999976,2.200000048,15.617,35.287,-80.85
12/28/2015 3:00,0,0.0129,291.3999939,338.8999939,0,100320,-1.600000024,2.200000048,15.617,35.287,-80.85
12/28/2015 4:00,0,0.0128,291.6000061,338.8999939,0,100370,-1.700000048,2.200000048,15.617,35.287,-80.85
12/28/2015 5:00,0,0.0128,291.1000061,338.8999939,0,100340,-1.800000072,2.200000048,15.617,35.287,-80.85
12/28/2015 6:00,0,0.013499999,291.8999939,342.3000183,0,100290,-1.899999976,2.200000048,15.617,35.287,-80.85
12/28/2015 7:00,0,0.0134,291.8999939,342.3000183,0,100300,-2.100000143,1.700000048,15.617,35.287,-80.85
12/28/2015 8:00,0,0.0133,291.7000122,342.3000183,0,100340,-2.400000095,1.100000024,15.617,35.287,-80.85
12/28/2015 9:00,0,0.0133,291.7000122,342.1000061,0,100280,-2.700000048,0.600000024,15.617,35.287,-80.85
12/28/2015 10:00,0,0.012999999,291.7000122,342.1000061,0,100280,-2.700000048,0.5,15.617,35.287,-80.85
12/28/2015 11:00,0,0.0129,291.5,342.1000061,0,100250,-2.700000048,0.5,15.617,35.287,-80.85
12/28/2015 12:00,0,0.0128,291.2000122,349.5,0,100320,-2.700000048,0.5,15.617,35.287,-80.85
12/28/2015 13:00,0,0.0129,291.7000122,349.5,51.5,100330,-2.700000048,0.100000001,15.617,35.287,-80.85
12/28/2015 14:00,0,0.0129,291.6000061,349.5,169,100350,-2.700000048,-0.200000003,15.617,35.287,-80.85
12/28/2015 15:00,0,0.0133,292.2000122,388.6000061,240.6999969,100330,-2.700000048,-0.5,15.617,35.287,-80.85
12/28/2015 16:00,0,0.0142,293,388.6000061,300.3999939,100370,-3.400000095,0,15.617,35.287,-80.85
12/28/2015 17:00,0,0.014599999,293.7000122,388.5,321.3999939,100250,-4.099999905,0.5,15.617,35.287,-80.85
12/28/2015 18:00,0,0.014699999,294.6000061,413.5,234.5,100190,-4.800000191,1,15.617,35.287,-80.85
12/28/2015 19:00,0,0.014599999,296.1000061,413.5,208.9000092,100100,-5.200000286,1.100000024,15.617,35.287,-80.85
12/28/2015 20:00,0,0.0138,296.6000061,413.5,165.8000031,99980,-5.599999905,1.300000072,15.617,35.287,-80.85
12/28/2015 21:00,0,0.0137,295.8999939,390,130.5,99910,-6,1.399999976,15.617,35.287,-80.85
12/28/2015 22:00,0,0.014,295.1000061,390,32.40000153,99950,-6.400000095,1.800000072,15.617,35.287,-80.85
12/28/2015 23:00,0,0.015,294.6000061,390.1000061,0,99940,-6.900000095,2.200000048,15.617,35.287,-80.85
12/29/2015 0:00,0,0.0149,294.6000061,380.1000061,0,99970,-7.400000095,2.600000143,15.617,35.287,-80.85
12/29/2015 1:00,0,0.0155,295.1000061,380.1000061,0,99980,-6.300000191,2.600000143,15.617,35.287,-80.85
12/29/2015 2:00,0,0.015799999,295.3999939,380.1000061,0,99940,-5.300000191,2.600000143,15.617,35.287,-80.85
12/29/2015 3:00,2.04E-07,0.015299999,295.1000061,388.7000122,0,99940,-4.300000191,2.600000143,15.617,35.287,-80.85
12/29/2015 4:00,5.09E-08,0.0154,295,388.7000122,0,99940,-3.299999952,3.200000048,15.617,35.287,-80.85
12/29/2015 5:00,1.12E-06,0.015,294.7000122,388.7000122,0,99950,-2.299999952,3.900000095,15.617,35.287,-80.85
12/29/2015 6:00,1.16E-06,0.0148,294.2000122,398.3999939,0,99910,-1.300000072,4.5,15.617,35.287,-80.85
12/29/2015 7:00,2.59E-06,0.015,294.8000183,398.3999939,0,99880,-0.200000003,4.900000095,15.617,35.287,-80.85
12/29/2015 8:00,2.99E-06,0.0145,294.3999939,398.3999939,0,99870,0.800000012,5.300000191,15.617,35.287,-80.85
12/29/2015 9:00,7.53E-07,0.0143,293.5,387.5,0,99900,1.800000072,5.700000286,15.617,35.287,-80.85
12/29/2015 10:00,5.51E-07,0.014,293.2000122,387.5,0,99920,2.400000095,5,15.617,35.287,-80.85
12/29/2015 11:00,0,0.0144,293.3000183,387.5,0,99960,3.100000143,4.400000095,15.617,35.287,-80.85
12/29/2015 12:00,0,0.014,293.3000183,381.5,0,99990,3.700000048,3.799999952,15.617,35.287,-80.85
12/29/2015 13:00,0,0.014,293.1000061,381.5,35.5,100080,3.5,3.600000143,15.617,35.287,-80.85
12/29/2015 14:00,0,0.0142,293.3000183,381.5,117.5999985,100180,3.400000095,3.5,15.617,35.287,-80.85
12/29/2015 15:00,0,0.0148,294.8000183,373.7000122,246.9000092,100210,3.200000048,3.400000095,15.617,35.287,-80.85
12/29/2015 16:00,0,0.014099999,294.5,373.7000122,308.3999939,100230,3.400000095,3.5,15.617,35.287,-80.85
12/29/2015 17:00,0,0.0137,294.3999939,373.7000122,330.2000122,100220,3.600000143,3.600000143,15.617,35.287,-80.85
12/29/2015 18:00,0,0.0133,294.8000183,375.2000122,375.7000122,100160,3.700000048,3.700000048,15.617,35.287,-80.85
12/29/2015 19:00,0,0.013599999,296.8999939,375.2000122,335.1000061,100100,3.299999952,3.400000095,15.617,35.287,-80.85
12/29/2015 20:00,0,0.013599999,296.8999939,375.2000122,266.5,100140,2.900000095,3.100000143,15.617,35.287,-80.85
12/29/2015 21:00,0,0.0134,296.3999939,365.6000061,145.5,100170,2.5,2.799999952,15.617,35.287,-80.85
12/29/2015 22:00,0,0.012499999,295.3000183,365.6000061,37,100250,2.200000048,2.400000095,15.617,35.287,-80.85
12/29/2015 23:00,0,0.0133,293.7000122,365.6000061,0,100310,1.899999976,2,15.617,35.287,-80.85
12/30/2015 0:00,0,0.0133,292.7000122,337.7000122,0,100400,1.600000024,1.600000024,15.617,35.287,-80.85
12/30/2015 1:00,0,0.0132,292.6000061,337.7000122,0,100430,1.200000048,1.5,15.617,35.287,-80.85
12/30/2015 2:00,0,0.0129,291.7000122,337.7000122,0,100530,0.800000012,1.399999976,15.617,35.287,-80.85
12/30/2015 3:00,0,0.0127,291.2000122,336.8999939,0,100520,0.400000006,1.200000048,15.617,35.287,-80.85
12/30/2015 4:00,0,0.012399999,290.8999939,336.8999939,0,100570,0.200000003,1.300000072,15.617,35.287,-80.85
12/30/2015 5:00,0,0.0116,289.8999939,336.8999939,0,100590,0,1.300000072,15.617,35.287,-80.85
12/30/2015 6:00,0,0.012,290.1000061,353,0,100620,-0.200000003,1.300000072,15.617,35.287,-80.85
12/30/2015 7:00,0,0.011899999,290.5,353,0,100610,-0.600000024,0.800000012,15.617,35.287,-80.85
12/30/2015 8:00,0,0.012,290.3999939,353,0,100590,-1,0.200000003,15.617,35.287,-80.85
12/30/2015 9:00,3.42E-07,0.011899999,290.3999939,392.3999939,0,100630,-1.399999976,-0.400000006,15.617,35.287,-80.85
12/30/2015 10:00,6.85E-07,0.012399999,290.6000061,392.3999939,0,100590,-1.300000072,-0.200000003,15.617,35.287,-80.85
12/30/2015 11:00,0,0.012499999,291.1000061,392.3999939,0,100560,-1.300000072,0,15.617,35.287,-80.85
12/30/2015 12:00,0,0.0127,291.3000183,396.8000183,0,100510,-1.300000072,0.200000003,15.617,35.287,-80.85
12/30/2015 13:00,0,0.0126,291.7000122,396.8000183,24.60000038,100620,-0.699999988,0.200000003,15.617,35.287,-80.85
12/30/2015 14:00,4.97E-08,0.0134,292.5,396.8000183,82.09999847,100630,-0.200000003,0.100000001,15.617,35.287,-80.85
12/30/2015 15:00,4.22E-06,0.014099999,293.5,400.3000183,134.6000061,100600,0.300000012,0,15.617,35.287,-80.85
12/30/2015 16:00,1.73E-05,0.014,292.3999939,400.3000183,168.3000031,100640,0.5,0.600000024,15.617,35.287,-80.85
12/30/2015 17:00,3.60E-06,0.012999999,291.5,400.3000183,180.3000031,100590,0.699999988,1.300000072,15.617,35.287,-80.85
12/30/2015 18:00,2.31E-06,0.0126,290.8999939,402.2000122,183.3000031,100610,0.800000012,2,15.617,35.287,-80.85
12/30/2015 19:00,1.82E-06,0.012499999,291,402.2000122,163.6000061,100560,0.800000012,1.899999976,15.617,35.287,-80.85
12/30/2015 20:00,2.06E-06,0.0128,291,402.2000122,130.3000031,100490,0.800000012,1.800000072,15.617,35.287,-80.85
12/30/2015 21:00,4.08E-06,0.0126,291.1000061,399.2000122,80.40000153,100470,0.800000012,1.700000048,15.617,35.287,-80.85
12/30/2015 22:00,1.62E-06,0.0126,290.8999939,399.2000122,21,100450,1,1.399999976,15.617,35.287,-80.85
12/30/2015 23:00,6.88E-07,0.0127,291.1000061,399.2000122,0,100520,1.200000048,1.200000048,15.617,35.287,-80.85
